id,artist,title,alt_text,description,date_created,date_acquired_or_updated,institution,medium,mediums_parsed,image_url
W001,1,Invisible Ink,,,2010,1/27/2021,0,Two chromogenic prints | Photograph,"[""M01""]",https://www.moma.org/media/W1siZiIsIjQ5NzQ1NCJdLFsicCIsImNvbnZlcnQiLCItcmVzaXplIDEwMjR4MTAyNFx1MDAzZSJdXQ.jpg?sha=9fcca43357354a09
W002,2,Oops!,,,2000,4/14/2009,0,"Three-channel video (color, sound) | Installation | Media and Performance","[""M05"", ""M08"", ""M07""]",https://www.moma.org/media/W1siZiIsIjE1ODc1NyJdLFsicCIsImNvbnZlcnQiLCItcmVzaXplIDEwMjR4MTAyNFx1MDAzZSJdXQ.jpg?sha=46d77ab0612eae55
W003,2,Lucky Tiger #151,,,2009,5/12/2010,0,Chromogenic print with ink fingerprints | Photograph,"[""M01""]",https://www.moma.org/media/W1siZiIsIjIxNjQ4MiJdLFsicCIsImNvbnZlcnQiLCItcmVzaXplIDEwMjR4MTAyNFx1MDAzZSJdXQ.jpg?sha=b6058410b2fc92bf
W004,2,Lucky Tiger #169,,,2009,5/12/2010,0,Chromogenic print with ink fingerprints | Photograph ,"[""M01""]",https://www.moma.org/media/W1siZiIsIjIxNjQ4MyJdLFsicCIsImNvbnZlcnQiLCItcmVzaXplIDEwMjR4MTAyNFx1MDAzZSJdXQ.jpg?sha=c9f97834ee65398f
W005,2,Lucky Tiger #181,,,2009,5/12/2010,0,Chromogenic print with ink fingerprints | Photograph ,"[""M01""]",https://www.moma.org/media/W1siZiIsIjIxNjQ4NCJdLFsicCIsImNvbnZlcnQiLCItcmVzaXplIDEwMjR4MTAyNFx1MDAzZSJdXQ.jpg?sha=2507f8b910a21010
W006,2,Lucky Tiger #186,,,2009,5/12/2010,0,Chromogenic print with ink fingerprints | Photograph ,"[""M01""]",https://www.moma.org/media/W1siZiIsIjIxNjQ4NiJdLFsicCIsImNvbnZlcnQiLCItcmVzaXplIDEwMjR4MTAyNFx1MDAzZSJdXQ.jpg?sha=71054940d6372a26
W007,2,Good Morning Sunshine,"Young person sleeping on side in bed, clutching a small stuffed toy under a blanket.",,2009,8/30/2017,1,"Video, color, sound, 14:50 min.","[""M05""]",https://whitneymedia.org/assets/artwork/39067/2011_108_1.jpg
W008,3,Primary Love,A person in blue holds a yellow portrait showing two children amid blue and red paintings.,,2020,2/1/2022,1,Oil on canvas | Paintings,"[""M04""]",https://whitneymedia.org/assets/artwork/65017/2021_156_cropped.jpg
W009,4,banana split & other mix ups,,,1993,4/28/1993,2,Performance readings | multiple image performance,"[""M07""]",http://artasiamerica.org/images/Brochure_for_Banana_split_and_other_mix_ups_Whi1163/Banana_Split_and_Other_Mix_Ups_brochure_pg_1.jpg
W010,5,Desert Plant (TAM.1460),,,1965,1/10/1974,0,Lithograph | Print | Drawings & Prints,"[""M02""]",https://www.moma.org/media/W1siZiIsIjIxNjE0MiJdLFsicCIsImNvbnZlcnQiLCItcmVzaXplIDEwMjR4MTAyNFx1MDAzZSJdXQ.jpg?sha=f665f32301ee5caa
W011,5,Desert Flower (TAM.1460-II),,,1965,1/10/1974,0,Lithograph | Print | Drawings & Prints,"[""M02""]",https://www.moma.org/media/W1siZiIsIjIxNjE0MyJdLFsicCIsImNvbnZlcnQiLCItcmVzaXplIDEwMjR4MTAyNFx1MDAzZSJdXQ.jpg?sha=637ac7ed3cbf5ea1
W012,5,Desert Flower (TAM.1469),,,1965,1/10/1974,0,Lithograph | Print | Drawings & Prints,"[""M02""]",https://www.moma.org/media/W1siZiIsIjIxNjE0NCJdLFsicCIsImNvbnZlcnQiLCItcmVzaXplIDEwMjR4MTAyNFx1MDAzZSJdXQ.jpg?sha=b7e26255796d09ff
W013,5,Desert Flower (TAM.1469-II),,,1965,1/10/1974,0,Lithograph | Print | Drawings & Prints,"[""M02""]",https://www.moma.org/media/W1siZiIsIjM5NDMzMSJdLFsicCIsImNvbnZlcnQiLCItcmVzaXplIDEwMjR4MTAyNFx1MDAzZSJdXQ.jpg?sha=b8a3be39790c015f
W014,5,Desert Flower (TAM.1469-III),,,1965,1/10/1974,0,Lithograph | Print | Drawings & Prints,"[""M02""]",https://www.moma.org/media/W1siZiIsIjIxNjE0NSJdLFsicCIsImNvbnZlcnQiLCItcmVzaXplIDEwMjR4MTAyNFx1MDAzZSJdXQ.jpg?sha=fba8c25f0f49a425
W015,5,Plane Tree (TAM.1470),,,1965,1/10/1974,0,Lithograph | Print | Drawings & Prints,"[""M02""]",https://www.moma.org/media/W1siZiIsIjIxNjE0NiJdLFsicCIsImNvbnZlcnQiLCItcmVzaXplIDEwMjR4MTAyNFx1MDAzZSJdXQ.jpg?sha=ebcd894150839df2
W016,5,Plane Tree Reversal (TAM.1470A),,,1965,1/10/1974,0,Lithograph | Print | Drawings & Prints,"[""M02""]",https://www.moma.org/media/W1siZiIsIjM5NDI1MiJdLFsicCIsImNvbnZlcnQiLCItcmVzaXplIDEwMjR4MTAyNFx1MDAzZSJdXQ.jpg?sha=6b6578f450e68d20
W017,5,Plane Trees (TAM.1471),,,1965,1/10/1974,0,Lithograph | Print | Drawings & Prints,"[""M02""]",https://www.moma.org/media/W1siZiIsIjIxNjE0NyJdLFsicCIsImNvbnZlcnQiLCItcmVzaXplIDEwMjR4MTAyNFx1MDAzZSJdXQ.jpg?sha=515a8a3ba6e3b53f
W018,5,Plane Trees II (TAM.1472),,,1965,1/10/1974,0,Lithograph | Print | Drawings & Prints,"[""M02""]",https://www.moma.org/media/W1siZiIsIjU0NTE0MyJdLFsicCIsImNvbnZlcnQiLCItcmVzaXplIDEwMjR4MTAyNFx1MDAzZSJdXQ.jpg?sha=ca959ecf3905163d
W019,5,Aiko (TAM.1473),,,1965,1/10/1974,0,Lithograph | Print | Drawings & Prints,"[""M02""]",https://www.moma.org/media/W1siZiIsIjM5NDMzMiJdLFsicCIsImNvbnZlcnQiLCItcmVzaXplIDEwMjR4MTAyNFx1MDAzZSJdXQ.jpg?sha=fe74479ce586a0b0
W020,5,Spring (TAM.1474),,,1965,1/10/1974,0,Lithograph | Print | Drawings & Prints,"[""M02""]",https://www.moma.org/media/W1siZiIsIjM5NDI1MyJdLFsicCIsImNvbnZlcnQiLCItcmVzaXplIDEwMjR4MTAyNFx1MDAzZSJdXQ.jpg?sha=8b40aefe9b9b46e2
W021,5,Succulents (TAM.1475),,,1965,1/10/1974,0,Lithograph | Print | Drawings & Prints,"[""M02""]",https://www.moma.org/media/W1siZiIsIjIxNDA3OSJdLFsicCIsImNvbnZlcnQiLCItcmVzaXplIDEwMjR4MTAyNFx1MDAzZSJdXQ.jpg?sha=64330f86f43db4fe
W022,5,Umakichi (TAM.1476),,,1965,1/10/1974,0,Lithograph | Print | Drawings & Prints,"[""M02""]",https://www.moma.org/media/W1siZiIsIjIxNjE0OCJdLFsicCIsImNvbnZlcnQiLCItcmVzaXplIDEwMjR4MTAyNFx1MDAzZSJdXQ.jpg?sha=884daa0b1b570ba5
W023,5,Umakichi (TAM.1476-II),,,1965,1/10/1974,0,Lithograph | Print | Drawings & Prints,"[""M02""]",https://www.moma.org/media/W1siZiIsIjIxNDA4MCJdLFsicCIsImNvbnZlcnQiLCItcmVzaXplIDEwMjR4MTAyNFx1MDAzZSJdXQ.jpg?sha=3d73d9373f9ca089
W024,5,Umakichi (TAM.1476-III),,,1965,1/10/1974,0,Lithograph | Print | Drawings & Prints,"[""M02""]",https://www.moma.org/media/W1siZiIsIjIxNjE0OSJdLFsicCIsImNvbnZlcnQiLCItcmVzaXplIDEwMjR4MTAyNFx1MDAzZSJdXQ.jpg?sha=39dd62ccfd2933f6
W025,5,Umakichi (TAM.1476-IV),,,1965,1/10/1974,0,Lithograph | Print | Drawings & Prints,"[""M02""]",https://www.moma.org/media/W1siZiIsIjM5NDMzMyJdLFsicCIsImNvbnZlcnQiLCItcmVzaXplIDEwMjR4MTAyNFx1MDAzZSJdXQ.jpg?sha=963c0e3db875073b
W026,5,Chrysanthemums (TAM.1477),,,1965,1/10/1974,0,Lithograph | Print | Drawings & Prints,"[""M02""]",https://www.moma.org/media/W1siZiIsIjM5NDMzNCJdLFsicCIsImNvbnZlcnQiLCItcmVzaXplIDEwMjR4MTAyNFx1MDAzZSJdXQ.jpg?sha=66ab0392b53657d3
W027,5,Chrysanthemums (TAM.1477-II),,,1965,1/10/1974,0,Lithograph | Print | Drawings & Prints,"[""M02""]",https://www.moma.org/media/W1siZiIsIjM5NDMzNSJdLFsicCIsImNvbnZlcnQiLCItcmVzaXplIDEwMjR4MTAyNFx1MDAzZSJdXQ.jpg?sha=6c73116829b01a44
W028,5,Chrysanthemums (TAM.1477-III),,,1965,1/10/1974,0,Lithograph | Print | Drawings & Prints,"[""M02""]",https://www.moma.org/media/W1siZiIsIjIxNjE1MCJdLFsicCIsImNvbnZlcnQiLCItcmVzaXplIDEwMjR4MTAyNFx1MDAzZSJdXQ.jpg?sha=39f354bc551808d6
W029,5,Poppy (TAM.1479),,,1965,1/10/1974,0,Lithograph | Print | Drawings & Prints,"[""M02""]",https://www.moma.org/media/W1siZiIsIjMzMjYxMyJdLFsicCIsImNvbnZlcnQiLCItcmVzaXplIDEwMjR4MTAyNFx1MDAzZSJdXQ.jpg?sha=7ca3056ec8ae8455
W030,5,Pigeons on Cobblestones (TAM.1478),,,1965,1/10/1974,0,Lithograph | Print | Drawings & Prints,"[""M02""]",https://www.moma.org/media/W1siZiIsIjM5NDI1NCJdLFsicCIsImNvbnZlcnQiLCItcmVzaXplIDEwMjR4MTAyNFx1MDAzZSJdXQ.jpg?sha=8796311a08231b13
W031,5,"Untitled (TAM.1482, Calla Lilies)",,,1965,1/10/1974,0,Lithograph | Print | Drawings & Prints,"[""M02""]",https://www.moma.org/media/W1siZiIsIjE2MTY4MCJdLFsicCIsImNvbnZlcnQiLCItcmVzaXplIDEwMjR4MTAyNFx1MDAzZSJdXQ.jpg?sha=831421668cd88862
W032,5,Babies (TAM.1484),,,1965,1/10/1974,0,Lithograph | Print | Drawings & Prints,"[""M02""]",https://www.moma.org/media/W1siZiIsIjIxNjE1MSJdLFsicCIsImNvbnZlcnQiLCItcmVzaXplIDEwMjR4MTAyNFx1MDAzZSJdXQ.jpg?sha=fc6565b269d90c93
W033,5,Haru (TAM.1485),,,1965,1/10/1974,0,Lithograph | Print | Drawings & Prints,"[""M02""]",https://www.moma.org/media/W1siZiIsIjIxNjE1MiJdLFsicCIsImNvbnZlcnQiLCItcmVzaXplIDEwMjR4MTAyNFx1MDAzZSJdXQ.jpg?sha=4e506451c21e59f5
W034,5,Owl (TAM.1486),,,1965,1/10/1974,0,Lithograph | Print | Drawings & Prints,"[""M02""]",https://www.moma.org/media/W1siZiIsIjU0OTc4NyJdLFsicCIsImNvbnZlcnQiLCItcmVzaXplIDEwMjR4MTAyNFx1MDAzZSJdXQ.jpg?sha=77948ce6eca5cad1
W035,5,"Untitled (TAM.1487, Black Wash)",,,1965,1/10/1974,0,Lithograph | Print | Drawings & Prints,"[""M02""]",https://www.moma.org/media/W1siZiIsIjIxNjE1MyJdLFsicCIsImNvbnZlcnQiLCItcmVzaXplIDEwMjR4MTAyNFx1MDAzZSJdXQ.jpg?sha=8af7e5b37f352082
W036,5,"Untitled (TAM.1487-II, Blue and Purple Wash)",,,1965,1/10/1974,0,Lithograph | Print | Drawings & Prints,"[""M02""]",https://www.moma.org/media/W1siZiIsIjIxNjE1NCJdLFsicCIsImNvbnZlcnQiLCItcmVzaXplIDEwMjR4MTAyNFx1MDAzZSJdXQ.jpg?sha=4880754d1585a744
W037,5,"Untitled (TAM.1488, Pink)",,,1965,1/10/1974,0,Lithograph | Print | Drawings & Prints,"[""M02""]",https://www.moma.org/media/W1siZiIsIjM5NDI1NiJdLFsicCIsImNvbnZlcnQiLCItcmVzaXplIDEwMjR4MTAyNFx1MDAzZSJdXQ.jpg?sha=fe72a3d0d2889013
W038,5,Nude (TAM.1489),,,1965,1/10/1974,0,Lithograph | Print | Drawings & Prints,"[""M02""]",https://www.moma.org/media/W1siZiIsIjM5NDI1NyJdLFsicCIsImNvbnZlcnQiLCItcmVzaXplIDEwMjR4MTAyNFx1MDAzZSJdXQ.jpg?sha=8d8c83c82d210eb9
W039,5,Nude (TAM.1489-II),,,1965,1/10/1974,0,Lithograph | Print | Drawings & Prints,"[""M02""]",https://www.moma.org/media/W1siZiIsIjQyODQ0NCJdLFsicCIsImNvbnZlcnQiLCItcmVzaXplIDEwMjR4MTAyNFx1MDAzZSJdXQ.jpg?sha=69a23814982a63bf
W040,5,Faces (TAM.1490),,,1965,1/10/1974,0,Lithograph | Print | Drawings & Prints,"[""M02""]",https://www.moma.org/media/W1siZiIsIjIxNjE1NSJdLFsicCIsImNvbnZlcnQiLCItcmVzaXplIDEwMjR4MTAyNFx1MDAzZSJdXQ.jpg?sha=7089cb0b4b533c16
W041,5,Owl II (TAM.1491),,,1965,1/10/1974,0,Lithograph | Print | Drawings & Prints,"[""M02""]",https://www.moma.org/media/W1siZiIsIjM5NDMzNiJdLFsicCIsImNvbnZlcnQiLCItcmVzaXplIDEwMjR4MTAyNFx1MDAzZSJdXQ.jpg?sha=bc84b6ee013fa5e4
W042,5,"Untitled (TAM.1494, Three Hydrangeas)",,,1965,1/10/1974,0,Lithograph | Print | Drawings & Prints,"[""M02""]",https://www.moma.org/media/W1siZiIsIjE2MTY4MyJdLFsicCIsImNvbnZlcnQiLCItcmVzaXplIDEwMjR4MTAyNFx1MDAzZSJdXQ.jpg?sha=f24a4e210e741abe
W043,5,Nasturtiums (TAM.1557),,,1965,1/10/1974,0,Lithograph | Print | Drawings & Prints,"[""M02""]",https://www.moma.org/media/W1siZiIsIjU0NTE0NCJdLFsicCIsImNvbnZlcnQiLCItcmVzaXplIDEwMjR4MTAyNFx1MDAzZSJdXQ.jpg?sha=aa082dfa9d60e589
W044,5,Chair (TAM.1558),,,1965,1/10/1974,0,Lithograph | Print | Drawings & Prints,"[""M02""]",https://www.moma.org/media/W1siZiIsIjM5NDI1OCJdLFsicCIsImNvbnZlcnQiLCItcmVzaXplIDEwMjR4MTAyNFx1MDAzZSJdXQ.jpg?sha=52094cba93ecdca9
W045,5,Chair (TAM.1558-II),,,1965,1/10/1974,0,Lithograph | Print | Drawings & Prints,"[""M02""]",https://www.moma.org/media/W1siZiIsIjM5NDI1OSJdLFsicCIsImNvbnZlcnQiLCItcmVzaXplIDEwMjR4MTAyNFx1MDAzZSJdXQ.jpg?sha=e21da7ebc20869b2
W046,5,Hudson (TAM.1565),,,1965,1/10/1974,0,Lithograph | Print | Drawings & Prints,"[""M02""]",https://www.moma.org/media/W1siZiIsIjE2MTY4NCJdLFsicCIsImNvbnZlcnQiLCItcmVzaXplIDEwMjR4MTAyNFx1MDAzZSJdXQ.jpg?sha=3e3c8866fe9a594c
W047,5,Bud (TAM.1566),,,1965,1/10/1974,0,Lithograph | Print | Drawings & Prints,"[""M02""]",https://www.moma.org/media/W1siZiIsIjE2MTY4NSJdLFsicCIsImNvbnZlcnQiLCItcmVzaXplIDEwMjR4MTAyNFx1MDAzZSJdXQ.jpg?sha=43c1691d9dc7b098
W048,5,Fritz and Larry (TAM.1567),,,1965,1/10/1974,0,Lithograph | Print | Drawings & Prints,"[""M02""]",https://www.moma.org/media/W1siZiIsIjE2MTY4NiJdLFsicCIsImNvbnZlcnQiLCItcmVzaXplIDEwMjR4MTAyNFx1MDAzZSJdXQ.jpg?sha=e8cdf2559f3935a0
W049,5,Henry and Adam (TAM.1568),,,1965,1/10/1974,0,Lithograph | Print | Drawings & Prints,"[""M02""]",https://www.moma.org/media/W1siZiIsIjE2MTY4NyJdLFsicCIsImNvbnZlcnQiLCItcmVzaXplIDEwMjR4MTAyNFx1MDAzZSJdXQ.jpg?sha=f6e4078551c24512
W050,5,"Paul (TAM.1569, Paul Lanier with Homemade Puppets)",,,1965,1/10/1974,0,Lithograph | Print | Drawings & Prints,"[""M02""]",https://www.moma.org/media/W1siZiIsIjE2MTY4OSJdLFsicCIsImNvbnZlcnQiLCItcmVzaXplIDEwMjR4MTAyNFx1MDAzZSJdXQ.jpg?sha=8ee6ac9c2a54b672
W051,5,Xavier (TAM.1570),,,1965,1/10/1974,0,Lithograph | Print | Drawings & Prints,"[""M02""]",https://www.moma.org/media/W1siZiIsIjE2MTY5MCJdLFsicCIsImNvbnZlcnQiLCItcmVzaXplIDEwMjR4MTAyNFx1MDAzZSJdXQ.jpg?sha=5d5b4353fa246407
W052,5,"Title page (TAM.1571, from the portfolio Flowers)",,,1965,1/10/1974,0,One from a portfolio of twelve lithographs (including title page and colophon) | Print | Drawings & Prints,"[""M02""]",https://www.moma.org/media/W1siZiIsIjM5NDI2MCJdLFsicCIsImNvbnZlcnQiLCItcmVzaXplIDEwMjR4MTAyNFx1MDAzZSJdXQ.jpg?sha=f97fd1ead85e9b19
W053,5,Flowers,,,1965,1/10/1974,0,Portfolio of 12 lithographs (including title page and colophon) | Portfolio | Drawings & Prints,"[""M02""]",https://www.moma.org/media/W1siZiIsIjM5NDI2MCJdLFsicCIsImNvbnZlcnQiLCItcmVzaXplIDEwMjR4MTAyNFx1MDAzZSJdXQ.jpg?sha=f97fd1ead85e9b19
W054,5,"Untitled (TAM.1561, Hydrangea Blue from the portfolio Flowers)",,,1965,1/10/1974,0,One from a portfolio of twelve lithographs (including title page and colophon) | Print | Drawings & Prints,"[""M02""]",https://www.moma.org/media/W1siZiIsIjM5NDI2MSJdLFsicCIsImNvbnZlcnQiLCItcmVzaXplIDEwMjR4MTAyNFx1MDAzZSJdXQ.jpg?sha=7d7e7f454ca60788
W055,5,"Untitled (TAM.1562, Iris Blue from the portfolio Flowers)",,,1965,1/10/1974,0,One from a portfolio of twelve lithographs (including title page and colophon) | Print | Drawings & Prints,"[""M02""]",https://www.moma.org/media/W1siZiIsIjM5NDI2MiJdLFsicCIsImNvbnZlcnQiLCItcmVzaXplIDEwMjR4MTAyNFx1MDAzZSJdXQ.jpg?sha=81752ee8ce6c38f2
W056,5,Colophon (TAM.1572 from the portfolio Flowers),,,1965,1/10/1974,0,One from a portfolio of twelve lithographs (including title page and colophon) | Print | Drawings & Prints,"[""M02""]",https://www.moma.org/media/W1siZiIsIjM5NDI2MyJdLFsicCIsImNvbnZlcnQiLCItcmVzaXplIDEwMjR4MTAyNFx1MDAzZSJdXQ.jpg?sha=e58ef4fb3add4343
W057,5,"Untitled (TAM.1480, Succulent from the portfolio Flowers)",,,1965,1/10/1974,0,One from a portfolio of twelve lithographs (including title page and colophon) | Print | Drawings & Prints,"[""M02""]",https://www.moma.org/media/W1siZiIsIjM5NDI2NCJdLFsicCIsImNvbnZlcnQiLCItcmVzaXplIDEwMjR4MTAyNFx1MDAzZSJdXQ.jpg?sha=40b59776553fdb1b
W058,5,"Untitled (TAM.1481, Succulent from the portfolio Flowers)",,,1965,1/10/1974,0,One from a portfolio of twelve lithographs (including title page and colophon) | Print | Drawings & Prints,"[""M02""]",https://www.moma.org/media/W1siZiIsIjM5NDI2NSJdLFsicCIsImNvbnZlcnQiLCItcmVzaXplIDEwMjR4MTAyNFx1MDAzZSJdXQ.jpg?sha=9f2ac9ec86367a91
W059,5,"Untitled (TAM.1483, Marigolds from the portfolio Flowers)",,,1965,1/10/1974,0,One from a portfolio of twelve lithographs (including title page and colophon) | Print | Drawings & Prints,"[""M02""]",https://www.moma.org/media/W1siZiIsIjM5NDI2NiJdLFsicCIsImNvbnZlcnQiLCItcmVzaXplIDEwMjR4MTAyNFx1MDAzZSJdXQ.jpg?sha=0a91f05cf5c7b3fe
W060,5,"Untitled (TAM.1492, Iris from the portfolio Flowers)",,,1965,1/10/1974,0,One from a portfolio of twelve lithographs (including title page and colophon) | Print | Drawings & Prints,"[""M02""]",https://www.moma.org/media/W1siZiIsIjM5NDI2NyJdLFsicCIsImNvbnZlcnQiLCItcmVzaXplIDEwMjR4MTAyNFx1MDAzZSJdXQ.jpg?sha=c6275961e935afab
W061,5,"Untitled (TAM.1493, Hydrangea from the portfolio Flowers)",,,1965,1/10/1974,0,One from a portfolio of twelve lithographs (including title page and colophon) | Print | Drawings & Prints,"[""M02""]",https://www.moma.org/media/W1siZiIsIjM5NDI2OCJdLFsicCIsImNvbnZlcnQiLCItcmVzaXplIDEwMjR4MTAyNFx1MDAzZSJdXQ.jpg?sha=4ee86a017e9bb56b
W062,5,"Untitled (TAM.1535, Hydrangea from the portfolio Flowers)",,,1965,1/10/1974,0,One from a portfolio of twelve lithographs (including title page and colophon) | Print | Drawings & Prints,"[""M02""]",https://www.moma.org/media/W1siZiIsIjM5NDI2OSJdLFsicCIsImNvbnZlcnQiLCItcmVzaXplIDEwMjR4MTAyNFx1MDAzZSJdXQ.jpg?sha=a6a3fdfb98f35d29
W063,5,"Untitled (TAM.1559, Poppy Maroon from the portfolio Flowers)",,,1965,1/10/1974,0,One from a portfolio of twelve lithographs (including title page and colophon) | Print | Drawings & Prints,"[""M02""]",https://www.moma.org/media/W1siZiIsIjM5NDI3MCJdLFsicCIsImNvbnZlcnQiLCItcmVzaXplIDEwMjR4MTAyNFx1MDAzZSJdXQ.jpg?sha=5b8812fc0d12bd7e
W064,5,"Untitled (TAM.1560, Desert Plant from the portfolio Flowers)",,,1965,1/10/1974,0,One from a portfolio of twelve lithographs (including title page and colophon) | Print | Drawings & Prints,"[""M02""]",https://www.moma.org/media/W1siZiIsIjM5NDI3MSJdLFsicCIsImNvbnZlcnQiLCItcmVzaXplIDEwMjR4MTAyNFx1MDAzZSJdXQ.jpg?sha=8be666e4ef2c77fb
W065,5,"Untitled (BMC.145, BMC Laundry Stamp)",,,c. 1948–49,5/23/2018,0,Stamped ink on fabric sheeting | Drawing | Drawings & Prints,"[""M03""]",https://www.moma.org/media/W1siZiIsIjU0OTc4OSJdLFsicCIsImNvbnZlcnQiLCItcmVzaXplIDEwMjR4MTAyNFx1MDAzZSJdXQ.jpg?sha=aadd69b8f738c0e1
W066,5,"Untitled (S.043, Hanging Tied-Wire, Cubed Open-Center, Multi-Branched Form Based on Nature)",,,c. 1994,,0,Patinated bronze wire | Sculpture | Painting & Sculpture,"[""M06""]",https://www.moma.org/media/W1siZiIsIjUzNjgxNSJdLFsicCIsImNvbnZlcnQiLCItcmVzaXplIDEwMjR4MTAyNFx1MDAzZSJdXQ.jpg?sha=61860bf4596c21a4
W067,5,"Untitled (PT.106, Plane Tree #12)","Dark ink blots form a clouded, torso-like shape with splattered arms reaching outward. Inky brush strokes fill the center third of a sheet of paper and branch sideways to the edges, ending in watery splash marks","We're looking at Ruth Asawa's Plane Tree #12, 1959. It's a brush-and-ink drawing on paper. The sheet is almost 12.5 by 19 inches long. Clara Rojas-Sebesta, Ellsworth Kelly Conservator of Works on Paper. This drawing is an abstraction of the plane trees with a center trunk dominating the center of the composition with two branches on the upper left and to the right. Asawa made a number of drawings based on plane treesâor sycamore treesâthat grew in San Francisco's Golden Gate Park. Asawa has created the feeling of the knot drawings with a large, very wet inked brush. She's using a sumi ink on a thin paper, and you can see a lot of rippling and distortions in the paper that hint to what the materials were that she was using. As the ink's dried, the water evaporated, leaving little particles of ink across the surface, which also suggest the textured surface of the sycamore tree. You can also get a sense of the movement of Asawa's hand as she created these circular forms throughout the trunk. As she moved towards the edges of the sheet, she used stronger gestures and splashed the ink so that they moved off the edges to the center left and to the right, giving that sense of the branching and maybe leaves of this sycamore tree. It's a fairly thin sheet of paper, so she probably would have clipped it to a larger board as she was working outside and down on a flat surface to get those kinds of slash marks. So the ink flows beyond the edges of the sheet of paper on all edges. For this drawing, she chose a very high-sheen coated paper that would have responded very quickly to the watery ink, and you see that throughout with distortions and ripples. It's a very warm, beige white color, which gives sort of a natural contrast or warmth to this portrait of a tree. Where the ink pooled in certain areas, it's darker, and where she put greater pressure on the brush, it pushed the black particles of ink to the side and that would give you a lighter and darker gray appearance, also suggesting the texture of the sycamore tree. In the lower right corner we also see Asawa's signature stamp, which would have been found on many of her artworks.",1959,8/30/2017,1,Brush and ink on paper | Drawings,"[""M03""]",https://whitneymedia.org/assets/artwork/47697/2016_5_cropped.jpg
W068,5,"Untitled (S.270, Hanging Six-Lobed, Complex Interlocking Continuous Form within a Form with Two Interior Spheres)","Mesh wires shaped into a long, fluid blob, like lava in a lava lamp. Long hanging woven metal sculpture with stacked bulb shapes casting a soft shadow on the wall.","Ruth Asawa, Untitled (S.270, Hanging Six-Lobed, Complex Interlocking Continuous Form within a Form with Two Interior Spheres), 1955, refabricated 1957â1958. Brass and steel wire, overall: 63 7/8 Ã 14 15/16 Ã 14 15/16 in. (162.2 Ã 37.9 Ã 37.9 cm). Whitney Museum of American Art, New York; gift of Howard Lipman 63.38. Â© 2020 Estate of Ruth Asawa / Artists Rights Society (ARS), New York. Courtesy The Estate of Ruth Asawa and David Zwirner",1955,8/30/2017,1,Brass and steel wire | Sculpture,"[""M06""]",https://whitneymedia.org/assets/artwork/2260/63_38_vw4_cropped.jpg
W069,5,"Untitled (SF.045c, Potato Print – Branches, Purple/Blue)","Three rows of a repeating stamped branch within an oval, overlapping horizontally in purples and blues. Repeated purple and blue oval shapes with white branching circles form a vertical patterned print.","This is Untitled (SF.045c Potato Print - Branches, Purple and Blue), circa 1951 to '52. It's a stamped ink-on-Japanese-paper print, about 14 inches tall and 10 inches wide, oriented vertically.To create this work, Asawa took an ordinary potato about the size of the palm of her hand, sliced it in half to give her a flat surface. Into the surface of this flat potato, she incised a tree-like form with a center trunk topped by a loop. And then on either side of the branch are four branches with loops at the end as well, alternating left and right. The potato would have been dipped in purple or blue ink and Asawa pressed it to the paper in a repeated pattern across the page, allowing the ink to deplete over the course of the row, resulting in layers of transparent blue and purple ink. Asawa oriented the potato stamp vertically and pressed it onto the paper eight times per row in the same vertical orientation, overlapping the stamps occasionally. Each of the three rows moves off the edge of the sheet to the left and the right, giving the sense that infinite repetition was possible in this print. She chose to print this work on Japanese paper. It's a very thin paper that also responded to the liquid of the ink and there's a rippling along the surface as well. Asawa did not re-ink the potato as she moved across the row, so the ink would become lighter and lighter as she moved across. And in some cases, only the outline of the tree form was left. This really gives you a play of positive and negative space and transparency, which reflects her practice in other works of art.",c. 1951 - 1952,10/2/2018,1,Relief Print | Drawings,"[""M02"", ""M03""]",https://whitneymedia.org/assets/artwork/57950/2018_112_cropped.jpg
W070,5,"Untitled (S.691, Wall-Mounted Paperfold with Horizontal Stripes)",Long oval black-and-white chevron paper fan with accordion folds hanging against a gray background.,,1951,1/8/2025,1,Ink on paper | Sculpture,"[""M06""]",https://whitneymedia.org/assets/artwork/67107/2024_383_vw1_cropped.jpg
W071,6,Karma Juggler,Small human-like figure made of pink circles holding up a large cloud of concentric pink rings.,,2004,8/30/2017,1,Inkjet print | Prints,"[""M02""]",https://whitneymedia.org/assets/artwork/42024/2012_150_6_cropped.jpg
W072,6,Dream House,A small person walks while a large green floating house hovers above.,,2002,8/30/2017,1,"Fiber-tipped pen, and brush and colored ink on plastic and paper | Drawings","[""M10"", ""M03""]",https://whitneymedia.org/assets/artwork/19211/2003_82_cropped.jpg
W073,6,Some/One,A large metallic robe sculpture with long flared train displayed in a museum lobby.,,2001,8/30/2017,1,"Stainless steel, military dog tags, nickel-plated copper, steel, glass fiber-reinforced resin and rubber | Sculpture","[""M06"", ""M10""]",https://whitneymedia.org/assets/artwork/16102/2001_344_vw1_cropped.jpg
W074,6,Vessel,,,2006,11/21/2025,3,Blown and molded glass | Glass | Modern and Contemporary Art,"[""M06""]",
W075,0,Table,,,c. 1941,10/29/1958,0,Laminated and carved avodire | Design | Architecture & Design,"[""M11""]",https://www.moma.org/media/W1siZiIsIjUxNzg4OSJdLFsicCIsImNvbnZlcnQiLCItcmVzaXplIDEwMjR4MTAyNFx1MDAzZSJdXQ.jpg?sha=e7cec09dbe775b93
W076,0,Rocking Stool,,,1954,4/22/1998,0,Chromed steel and walnut | Design | Architecture & Design,"[""M11""]",https://www.moma.org/media/W1siZiIsIjIxMDY4OCJdLFsicCIsImNvbnZlcnQiLCItcmVzaXplIDEwMjR4MTAyNFx1MDAzZSJdXQ.jpg?sha=f2553f5523dd2318
W077,0,Akari Floor Lamp,,,c. 1968,2/27/1978,0,Paper shade and metal frame | Design | Architecture & Design,"[""M11""]",https://www.moma.org/media/W1siZiIsIjIyODgwOSJdLFsicCIsImNvbnZlcnQiLCItcmVzaXplIDEwMjR4MTAyNFx1MDAzZSJdXQ.jpg?sha=cf7fba4d2ac5f3b6
W078,0,Akari Lamp,,,c. 1960,2/27/1978,0,Paper shade and metal stand | Design | Architecture & Design,"[""M11""]",
W079,0,Akari Floor Lamp,,,c. 1975,2/27/1978,0,Paper and metal | Design | Architecture & Design,"[""M11""]",https://www.moma.org/media/W1siZiIsIjYyMDQxNiJdLFsicCIsImNvbnZlcnQiLCItcmVzaXplIDEwMjR4MTAyNFx1MDAzZSJdXQ.jpg?sha=b26e19dc83a8b407
W080,0,Akari Floor Lamp,,,c. 1977,2/27/1978,0,Silk shade and bamboo stand | Design | Architecture & Design,"[""M10"", ""M11""]",https://www.moma.org/media/W1siZiIsIjIxMDc0MSJdLFsicCIsImNvbnZlcnQiLCItcmVzaXplIDEwMjR4MTAyNFx1MDAzZSJdXQ.jpg?sha=2f4a6c2367a064d8
W081,0,Table Lamp,,,1948,6/8/1950,0,Plastic and maple | Design | Architecture & Design,"[""M11""]",https://www.moma.org/media/W1siZiIsIjIyODg4NSJdLFsicCIsImNvbnZlcnQiLCItcmVzaXplIDEwMjR4MTAyNFx1MDAzZSJdXQ.jpg?sha=f9999aaedde03377
W082,0,Radio Nurse Speaker,,,1937,11/28/1977,0,Bakelite resin | Design | Architecture & Design,"[""M11""]",https://www.moma.org/media/W1siZiIsIjIyOTk2MyJdLFsicCIsImNvbnZlcnQiLCItcmVzaXplIDEwMjR4MTAyNFx1MDAzZSJdXQ.jpg?sha=e2d2b69f53c9701e
W083,0,"Exhibition of Isamu Noguchi, Museum of Modern Art Kamakura",,,1952,4/7/1953,0,Lithograph | Design | Architecture & Design,"[""M11"", ""M02""]",
W084,0,Work Sheet for Sculpture,,,1946,5/21/1974,0,Pencil on cut-out-and-pasted graph paper on black construction paper | Drawing | Drawings & Prints,"[""M03""]",https://www.moma.org/media/W1siZiIsIjMwMTk2NyJdLFsicCIsImNvbnZlcnQiLCItcmVzaXplIDEwMjR4MTAyNFx1MDAzZSJdXQ.jpg?sha=a6ce21c035ae51e5
W085,0,Metamorphosis,,,1946,10/24/1975,0,Pencil on cut-out-and-pasted graph paper on black construction paper | Drawing | Drawings & Prints,"[""M03""]",https://www.moma.org/media/W1siZiIsIjIyNTMyMiJdLFsicCIsImNvbnZlcnQiLCItcmVzaXplIDEwMjR4MTAyNFx1MDAzZSJdXQ.jpg?sha=f5fe1556da631c19
W086,0,Untitled,,,1946,10/24/1975,0,Pencil on cut-out-and-pasted graph paper on black construction paper | Drawing | Drawings & Prints,"[""M03""]",https://www.moma.org/media/W1siZiIsIjMwMDQ4NyJdLFsicCIsImNvbnZlcnQiLCItcmVzaXplIDEwMjR4MTAyNFx1MDAzZSJdXQ.jpg?sha=5af9bf3a9c05f7b1
W087,0,Even the Centipede,,,1952,4/6/1955,0,"Unglazed Kasama red stoneware, wood pole, and hemp cord | Sculpture | Painting & Sculpture","[""M06"", ""M09""]",https://www.moma.org/media/W1siZiIsIjQzMzYwOCJdLFsicCIsImNvbnZlcnQiLCItcmVzaXplIDEwMjR4MTAyNFx1MDAzZSJdXQ.jpg?sha=da4353153d26d983
W088,0,Big Boy,,,1952,4/6/1955,0,Unglazed Karatsu red stoneware and wood | Sculpture | Painting & Sculpture,"[""M06"", ""M09""]",https://www.moma.org/media/W1siZiIsIjMwMjM3MCJdLFsicCIsImNvbnZlcnQiLCItcmVzaXplIDEwMjR4MTAyNFx1MDAzZSJdXQ.jpg?sha=05e0f8dec2588c5a
W089,0,Portrait of My Uncle,,,1931,10/11/1950,0,Terra cotta | Sculpture | Painting & Sculpture,"[""M06"", ""M09""]",https://www.moma.org/media/W1siZiIsIjMwMjM3NCJdLFsicCIsImNvbnZlcnQiLCItcmVzaXplIDEwMjR4MTAyNFx1MDAzZSJdXQ.jpg?sha=dfda3e5bcade17fc
W090,0,Bird C,,,1952-58,11/30/1960,0,Greek marble on wood and painted steel base | Sculpture | Painting & Sculpture,"[""M06""]",https://www.moma.org/media/W1siZiIsIjMwMjM3OSJdLFsicCIsImNvbnZlcnQiLCItcmVzaXplIDEwMjR4MTAyNFx1MDAzZSJdXQ.jpg?sha=5eaa3f7c0e3366c8
W091,0,Woman,,,1957,11/30/1960,0,Iron with wood and painted steel base | Sculpture | Painting & Sculpture,"[""M06""]",https://www.moma.org/media/W1siZiIsIjMwMjM4MSJdLFsicCIsImNvbnZlcnQiLCItcmVzaXplIDEwMjR4MTAyNFx1MDAzZSJdXQ.jpg?sha=df0f4813d2844962
W092,0,Capital,,,1939,12/10/1941,0,Marble | Sculpture | Painting & Sculpture,"[""M06""]",https://www.moma.org/media/W1siZiIsIjMyMTkwNiJdLFsicCIsImNvbnZlcnQiLCItcmVzaXplIDEwMjR4MTAyNFx1MDAzZSJdXQ.jpg?sha=1d4bb003574b6c5e
W093,0,Stone of Spiritual Understanding,,,1962,10/6/1964,0,"Bronze, wood, and steel | Sculpture | Painting & Sculpture","[""M06""]",https://www.moma.org/media/W1siZiIsIjMwMjM5MCJdLFsicCIsImNvbnZlcnQiLCItcmVzaXplIDEwMjR4MTAyNFx1MDAzZSJdXQ.jpg?sha=219f95c85100012c
W094,0,Storm,,,1959,10/11/1983,0,Aluminum | Sculpture | Painting & Sculpture,"[""M06""]",https://www.moma.org/media/W1siZiIsIjMwMjM5MiJdLFsicCIsImNvbnZlcnQiLCItcmVzaXplIDEwMjR4MTAyNFx1MDAzZSJdXQ.jpg?sha=4457cfd52e8df92b
W095,0,Apartment,,,1952,12/8/1994,0,Unglazed Seto red stoneware | Sculpture | Painting & Sculpture,"[""M06"", ""M09""]",https://www.moma.org/media/W1siZiIsIjMwMjM5MyJdLFsicCIsImNvbnZlcnQiLCItcmVzaXplIDEwMjR4MTAyNFx1MDAzZSJdXQ.jpg?sha=dafe7ffe12a0eec2
W096,0,Okame,,,1956,12/8/1994,0,Iron | Sculpture | Painting & Sculpture,"[""M06""]",https://www.moma.org/media/W1siZiIsIjIwOTIxMyJdLFsicCIsImNvbnZlcnQiLCItcmVzaXplIDEwMjR4MTAyNFx1MDAzZSJdXQ.jpg?sha=1dfd803ca8f2f6d1
W097,0,Small Centipede,,,c. 1952,12/6/1993,0,Unglazed Karatsu red stoneware and wood | Sculpture | Painting & Sculpture,"[""M06"", ""M09""]",https://www.moma.org/media/W1siZiIsIjIwOTI1OCJdLFsicCIsImNvbnZlcnQiLCItcmVzaXplIDEwMjR4MTAyNFx1MDAzZSJdXQ.jpg?sha=e6ca98da2aa3098a
W098,0,Atomic Head,,,1957,12/9/1996,0,Iron on painted wood base | Sculpture | Painting & Sculpture,"[""M06""]",https://www.moma.org/media/W1siZiIsIjIwOTMyMSJdLFsicCIsImNvbnZlcnQiLCItcmVzaXplIDEwMjR4MTAyNFx1MDAzZSJdXQ.jpg?sha=57fa3568e7a11dc6
W099,0,My Pacific,,,1942,12/9/1996,0,Driftwood | Sculpture | Painting & Sculpture,"[""M06""]",https://www.moma.org/media/W1siZiIsIjUyNzc2MyJdLFsicCIsImNvbnZlcnQiLCItcmVzaXplIDEwMjR4MTAyNFx1MDAzZSJdXQ.jpg?sha=a1049852201c0f70
W100,0,Mitosis,,,1962,12/11/1979,0,Bronze | Sculpture | Painting & Sculpture,"[""M06""]",https://www.moma.org/media/W1siZiIsIjIwOTU4NSJdLFsicCIsImNvbnZlcnQiLCItcmVzaXplIDEwMjR4MTAyNFx1MDAzZSJdXQ.jpg?sha=58110d86ecf950d7
W101,0,Coffee Table,,,1944,9/17/2002,0,"Birch, glass, aluminum dowel | Design | Architecture & Design","[""M11""]",https://www.moma.org/media/W1siZiIsIjU4NTg5MyJdLFsicCIsImNvbnZlcnQiLCItcmVzaXplIDEwMjR4MTAyNFx1MDAzZSJdXQ.jpg?sha=6067013d21a1b410
W102,0,Variation on a Millstone #1,A flat circular grey stone with two smaller holes in it rests atop an upright wooden board.. A circular stone disk with two holes mounted on a tall wooden pedestal and metal base.,,1962,8/30/2017,1,Granite and wood | Sculpture | collection,"[""M06""]",https://whitneymedia.org/assets/artwork/4162/86_1_vw1_cropped.jpg
W103,0,Solitude,"Two long, irregular rectangles vertically sandwiched between two cubes.. Tall bronze abstract sculpture with square top and long vertical slats on gallery floor.",,1961,8/30/2017,1,Bronze | Sculpture | collection,"[""M06""]",https://whitneymedia.org/assets/artwork/18227/2002_484a-c_vw1_cropped.jpg
W104,0,Integral,,,1959,8/30/2017,1,Marble on wood and steel base | Sculpture | collection,"[""M06""]",
W105,0,Pretty Girl,Solid cylindrically-shaped marble sculpture topped with two nub-like protrusions and a small semispherical inset. Smooth white abstract sculpture resembling a short vessel with two knobs on a pedestal.,,1958,8/30/2017,1,Marble | Sculpture | collection,"[""M06""]",https://whitneymedia.org/assets/artwork/7549/97_113_7_vw1_cropped.jpg
W106,0,Endless Coupling,"Five distinct smooth brown metal shapes fitted together ontop of each other to create a stacked horizontal form.. Tall bronze sculpture with abstract, stacked shapes resembling a totem pole on a square base.",,1957,8/30/2017,1,Cast Iron | Sculpture | collection,"[""M06""]",https://whitneymedia.org/assets/artwork/1188/78_72a-f_vw1_cropped.jpg
W107,0,Woman (Rishi Kesh.),"A brown pole topped with a rectuangular, metallic piece full of folds and curves. A wavy, dark sculpture sits atop a tall wooden stand on a square base.",,1956,8/30/2017,1,Cast iron | Sculpture | collection,"[""M06""]",https://whitneymedia.org/assets/artwork/1517/83_51_vw1_cropped.jpg
W108,0,Celebration,,,c. 1952,8/30/2017,1,Cast iron | Sculpture | collection,"[""M06""]",
W109,0,Jocasta's Bed,"A grey-green punctured organic shape sits askew atop two arches on the floor. Large bronze abstract bench with rounded, organic legs and cutout top displayed in a gallery.",,1947,8/30/2017,1,Fiberglass | Sculpture | collection,"[""M06"", ""M10""]",https://whitneymedia.org/assets/artwork/12927/2000_221_vw1_cropped.jpg
W110,0,The Ring,Doughnut-shaped sculpture with bulbous protrusions in unpolished granite. Rough stone circular sculpture with rounded protrusions forming an open ring.,,1945–1948,8/30/2017,1,Granite | Sculpture | collection,"[""M06""]",https://whitneymedia.org/assets/artwork/2907/69_106_vw1_cropped.jpg
W111,0,The Gunas,"A warm monotone sculpture with an organic tripod formation, smooth and sinewy lines, and varied negative spaces.. Abstract metal sculpture with three vertical, elongated shapes connected by a horizontal piece, standing on a gray floor.",,1946,8/30/2017,1,Marble | Sculpture | collection,"[""M06""]",https://whitneymedia.org/assets/artwork/437/75_18a-c_vw1_cropped.jpg
W112,0,Humpty Dumpty,"Tall freestanding sculpture made of organically-shaped, interlocking slabs of grey stone. Abstract gray sculpture with an oval shape and protruding curved elements, standing on a flat surface.","In the mid-1940s, Isamu Noguchi began producing some of his most original works, comprised of interlocking, rounded forms in materials such as wood and gray slate. Humpty Dumpty , an emblematic work from this period, was carefully constructed so that its nine parts would fit together and stay in place without glue or screws. As Noguchi explained, “everything I do has an element of engineering in it—particularly since I dislike gluing parts together or taking advantage of something that is not inherent in the material. I am leery of welding or pasting. It implies taking an unfair advantage of nature.” The title Humpty Dumpty playfully acknowledges the work’s precarious construction, while the roundness of the forms evokes the famously plump character of the children’s rhyme. At the same time, this seemingly whimsical work may carry more ominous undertones. Produced shortly after the atomic devastation of Hiroshima and Nagasaki, the sculpture’s title and composition suggest the unstable state of the world after World War II.",1946,8/30/2017,1,Ribbon slate | Sculpture | collection,"[""M06""]",https://whitneymedia.org/assets/artwork/1520/47_7a-e_vw1_cropped.jpg
W113,0,Work Sheets for Sculpture,"Pencil sketches and black collaged forms, neither entirely geometric nor fully organic, on graph paper. A sheet of graph paper with scattered black abstract cutout shapes arranged inside a black mat frame.","Isamu Noguchi used drawings, models, and collages to develop the biomorphic shapes for his interlocking sculptures of the mid- to late-1940s. First, he drew the individual pieces and cut them out of black craft paper. He then assembled the pieces into small freestanding maquettes . This allowed him to see the composition from all angles, to change the models’ shapes easily with scissors, and to determine their physical stability. Next, Noguchi disassembled his maquettes and mounted the paper forms on graph paper so that he could calculate the precise measurements for their enlargement into sculpture. Few of these graph paper worksheets were saved; Worksheets for Sculpture , which survives because most of its cut-out paper forms were not developed into sculptures, thus offers a rare glimpse into the artist’s working process. Following his graph paper studies, Noguchi made enlarged versions of his paper cut-outs and translated them into thin, flat pieces of slate or marble. After tracing the contours of the enlarged shapes onto the stone surface, he used a circular saw to cut out the forms along the penciled lines and beveled the edges. The pieces of his interlocking sculptures were notched so that they could be assembled without screws or other supports.",1945,8/30/2017,1,Graphite pencil on cut graph paper mounted on paper | Drawings | collection,"[""M03""]",https://whitneymedia.org/assets/artwork/2741/74_46_cropped.jpg
W114,0,The Queen,"Figurative wood-like sculpture with handles among stacked convex and concave geometric components. Tall beige ceramic sculpture with a round head, flared base, and curved looped arms.",,1931/c.1943,8/30/2017,1,Earthenware | Sculpture | collection,"[""M06"", ""M09""]",https://whitneymedia.org/assets/artwork/2609/69_107a-c_vw1_cropped.jpg
W115,0,Ruth Parks,"A head with eyes closed and an abstract mass emerging from behind. Bronze sculpture of a woman's head on a wooden base, displayed on a white pedestal.",,1929,8/30/2017,1,Bronze | Sculpture | collection,"[""M06""]",https://whitneymedia.org/assets/artwork/1813/31_58_vw1_cropped.jpg
W116,0,Paris Abstraction,Black and white abstract shapes form interlocking profiles against a tan background.,,1927–1928,8/30/2017,1,Opaque watercolor and graphite pencil on paper | Drawings | collection,"[""M03""]",https://whitneymedia.org/assets/artwork/8757/94_33_cropped.jpg
W117,0,Paris Abstraction,A large white leaf-shaped form with a small black oval near the bottom on a tan background.,,1927–1928,8/30/2017,1,"Opaque watercolor, pen and ink, and graphite pencil on paper | Drawings | collection","[""M03""]",https://whitneymedia.org/assets/artwork/8207/94_32_cropped.jpg
W118,0,Paris Abstraction,Black rectangular shape with curved protrusions extends vertically across the center of yellow-brown paper.. Tall vertical black abstract column with rounded bulbous segments centered on a beige background.,,1927–1928,8/30/2017,1,Opaque watercolor and graphite pencil on paper | Drawings | collection,"[""M03""]",https://whitneymedia.org/assets/artwork/8206/94_31_cropped.jpg
W119,0,Grey Sun,,"Believing that sculpture should be ""an equivalent for natural forms and forces,"" Isamu Noguchi explored the sun's vital power in this massive marble. He derived its shape from a millstone, which, ""inverted and elevated, becomes a sun-like image."" Born in California to an American mother and Japanese father, Noguchi spent most of his childhood in Japan before continuing his education in the American Midwest, New York City, and Paris. This piece reflects his internationalist life and perspective, a blend of the biomorphic abstraction of European surrealism and traditional Japanese stonework.",1967,1969,2,Arni Marble | Sculpture,"[""M06""]",https://ids.si.edu/ids/deliveryService?id=SAAM-1969.158_3
W120,0,Mother with Child,,"American sculptor Isamu Noguchi carved ""Mother with Child"" from a from a single block of marble. Its abstract forms consist of two smooth cylindrical shapes enveloped by a horizontal band having a greater degree of texture. The sculpture’s composition suggests the bond of human intimacy indicated by its title.",1958,1966,4,White Marble | Sculpture,"[""M06""]",
W121,0,Model for Portal,,,1977,1977,4,Sculpture | steel pipe,"[""M06""]",
W122,0,Rock Carvings: Passage of the Seasons,This three-part stone sculpture was commissioned for the Cleveland Museum of Art's north lawn in 1981.,Noguchi's use of interesting stones with a minimum of carved manipulation derives in part from Eastern traditions of reverence for the mystic qualities and natural aesthetics of rocks. It also draws from modern art movements in the artist's incorporation of pre-existing and serendipitous formal qualities of the material itself.,1981,1981,4,Sculpture | basalt with mineral accretions,"[""M06""]",
W123,0,Miss Expanding Universe,A work made of aluminum.,"Made of lightweight aluminum, Miss Expanding Universe resulted from the intellectual and romantic partnership between modernist sculptor Isamu Noguchi and Chicago dancer and choreographer Ruth Page. In 1932 Page per- formed an avant-garde dance, Expanding Universe, wearing a futuristic jersey sack designed by Noguchi; only her head and feet emerged from its stretchy, cocooning shape, a constraint evoked by the sculpture's abstract form. Noguchi here combined machine-age streamlining with the austere characteristics of ancient Japanese funerary objects (haniwa). Born in the United States, he lived in Japan until he was thirteen years old, and later extensively studied the country's sculptural traditions and ceramics.

Made of lightweight aluminum, Isamu Noguchi's suspended figure grew from a partnership between the modernist sculptor and Chicago dancer and choreographer Ruth Page. In 1932, Page performed an avant-garde dance, Expanding Universe, wearing a futuristic sack dress designed by Noguchi. In his sculpture, Noguchi evokes the shape and movement of Page's dance by combining machine-age streamlining with the austerity of ancient Japanese funerary objects (haniwa).",1932,1994,5,Aluminum | Sculpture,"[""M06""]","https://www.artic.edu/iiif/2/76f2d245-ec00-f5c5-1188-6c0f676c77fb/full/843,/0/default.jpg"
W124,0,Chess Table,"A work made of ebonized plywood, aluminum, and lucite.","Isamu Noguchi first designed this sculptural chess table for the 1944 Surrealist exhibition, The Imagery of Chess . The table epitomizes his exploration of Surrealism through its irregular biomorphic shape. It also demonstrates his synthesis of Eastern and Western influences: Noguchi drew from the gestural profiles of Chinese calligraphy for the tabletop form and Japanese joinery techniques for the base’s interlocking legs. The designer George Nelson bought the original table, and a few years later connected Noguchi with the manufacturer Herman Miller, who briefly put the table into commercial production.

Noguchi first designed this sculptural chess table for the 1944 Surrealist exhibition The Imagery of Chess . He drew from the gestural profiles of Chinese calligraphy for the tabletop form and Japanese joinery techniques for the base’s interlocking legs. The designer George Nelson bought the original table and a few years later connected Noguchi with the manufacturer Herman Miller, who briefly put the table into commercial production.",Designed 1944; made c. 1949,2010,5,"Ebonized plywood, aluminum, and Lucite | Furniture","[""M11""]","https://www.artic.edu/iiif/2/58225475-de61-f013-313d-e34efac629b4/full/843,/0/default.jpg"
W125,0,"Female Nude, Arms Over Head","A work made of charcoal on ivory wove paper (discolored to cream), laid down on off-white japanese paper.",,c. 1929,1945,5,"Charcoal on ivory wove paper (discolored to cream), laid down on off-white Japanese paper | Drawing and Watercolor","[""M03""]","https://www.artic.edu/iiif/2/602a0ee7-1f37-35ab-6893-812c8fdccf15/full/843,/0/default.jpg"
W126,0,Figure,A work made of georgia marble.,,1946,1997,5,Georgia marble | Sculpture,"[""M06""]","https://www.artic.edu/iiif/2/12e26325-ac66-3a25-804b-62e09f9682a4/full/843,/0/default.jpg"
W127,0,Untitled,A work made of slate.,,1945/46,1946,5,Slate | Sculpture,"[""M06""]","https://www.artic.edu/iiif/2/8397dcc0-fd97-1bf1-dc42-c207372daf00/full/843,/0/default.jpg"
W128,0,Coffee Table,A work made of birch and glass.,,Designed 1944; made 1965–67,1986,5,Birch and glass | Furniture,"[""M11""]","https://www.artic.edu/iiif/2/acf31976-6778-aa8c-d10e-310617ac0438/full/843,/0/default.jpg"
W129,0,Reclining Nude,A work made of brush and black wash on off-white japanese paper.,,1930,1986,5,Brush and black wash on off-white Japanese paper | Drawing and Watercolor,"[""M03""]","https://www.artic.edu/iiif/2/7fb04076-4f1e-e4c0-dc78-f187a491b0fc/full/843,/0/default.jpg"
W130,0,Rocking Stool,A work made of teak and steel.,,1955,1976,5,Teak and steel | Furniture,"[""M11""]","https://www.artic.edu/iiif/2/28311fd9-e92b-4b28-532e-7610f7e570f5/full/843,/0/default.jpg"
W131,0,Abstract Composition,A work made of stencil print with opaque and translucent watercolor over traces of graphite on brown wove paper.,,1930,2016,5,Stencil print with opaque and translucent watercolor over traces of graphite on brown wove paper | Drawing and Watercolor,"[""M02"", ""M03""]","https://www.artic.edu/iiif/2/64eaa074-e99d-0232-1bc3-ef3823ed2a36/full/843,/0/default.jpg"
W132,0,Baby,"A work made of brush and black ink on cream laid japanese paper, mounted as a scroll.",,1930,1945,5,"Brush and black ink on cream laid Japanese paper, mounted as a scroll | Painting","[""M03""]","https://www.artic.edu/iiif/2/53230fd5-a5f4-8072-11f8-f65ab89e9100/full/843,/0/default.jpg"
W133,0,The Tent of Holofernes,,"Four rigid bronze forms create a skeletal tent. Two interlocking diagonal beams serve as the tent's opening. These beams, as well as a third vertical form, have pointed tops suggestive of spears. Positioned on top of these beams, a single horizontal beam demarcates the tent's top edge. This snake-like form also insinuates violence: its gaping mouth, sharp fangs, and bulging eyes suggest that within the tent lies danger. Isamu Noguchi originally created this form as a stage set for choreographer and dancer Martha Graham's 1950 production *Judith* . This sculpture is one of three bronze casts made from the balsawood original that appeared on stage. Graham's *Judith* was based on the biblical story of Judith and Holofernes. The widow Judith seduced and then decapitated the general Holofernes who was laying siege to her hometown. Noguchi's sculpture alludes to the tent in which Judith beheads Holofernes. The tent's phallic spears convey Holofernes' desire for Judith; the serpent form, the peril awaiting the doomed general. Noguchi created stage sets throughout his career. When working on a scenic design, he would often arrange the elements on a miniature stage. This allowed him to play with the formal and spatial relationships between the objects. Noguchi desired his three-dimensional forms to animate space and positively alter the viewer's experience of the environment.",designed 1950; cast 1978,2005,6,Bronze | Sculpture,"[""M06""]",https://media.getty.edu/iiif/image/eb671df8-9a10-4b53-bfb8-ff73277fd587/full/full/0/default.jpg
W134,0,Unidentified Object,,"In a career spanning over six decades, the American sculptor and designer Isamu Noguchi worked in a range of materials from stainless steel, clay, and concrete to different kinds of wood and marble. His later works were executed almost exclusively in stone, most often granite and basalt. These stone works, of which Unidentified Object is a monumental example, were made in the village of Mure on the island of Shikoku in Japan. From the 1960s onwards, the New York-based Noguchi began visiting Mure on an annual basis for several months and would also establish a studio there where he would collaborate with stone carver Masatoshi Izumi (1938–2021) on large sculptures.

This monolithic vertical form brings together a range of sculptural references that Noguchi had studied in his many travels across the world, from menhirs and obelisks to totems and lingams. It also references the strategic placement of particularly shaped rocks in Zen gardens, the study of which especially deepened when Noguchi returned to Japan for inspiration and materials in the 1950s, most notably for a commission for the UNESCO Secretariat garden in Paris. The relationship between sculptural forms in activating civic spaces had long interested Noguchi, and over his career, he designed numerous public gardens, monuments, memorials, and playgrounds, although only some would actually be realized.

These sensibilities can be seen in Unidentified Object, an early commission by the Public Art Fund in 1979. It was initially installed near the southeast corner of Central Park—itself a manufactured landscape complete with imported boulders and even an Egyptian obelisk—before being presented to The Met as a gift from the artist and subsequently placed at 80th Street and Fifth Avenue. Since its first installation, Noguchi’s sculpture has been mounted on a 15-ton, 6-feet-tall circular granite base carved from stone quarried in upstate New York.

Noguchi’s use of the igneous rocks basalt and granite in his late works connect them to the earth’s very origins, while his minimal carving in shaping their form allows their natural material to persist long after the sculptor’s interventions. Indeed, the enigmatic title of this work imbues the object with a mysterious sense of a vestige of an unknown realm, or else the deposit from an extraterrestrial one. While in some of his later sculptures, he brought parts to a high degree of polish, here the stone is presented in a symphony of roughened surfaces. With its outdoor location and exposure to the elements, Unidentified Object gradually develops a rust-green appearance due to the migration of the natural iron within the basalt. This transformation further underscores Noguchi’s understanding of the stone as a manifestation of the passage of time.",1979,1981,3,Black basalt | Sculpture,"[""M06""]",https://collectionapi.metmuseum.org/api/collection/v1/iiif/482223/1403455/restricted
W135,0,Kouros,,"A five-month apprenticeship in 1927 with the renowned Romanian sculptor Constantin Brancusi led Noguchi to his own abstract sculptural language. Kouros betrays Noguchi’s preoccupation in the mid-1940s with organic patterns and shapes rendered on a monumental scale. A great feat of imagination and engineering, it comprises eight interlocking pieces of pink Georgian marble, secured by a perfect balance in weight and two strategically placed pins. This precariousness evokes Noguchi’s uncertainty about the state of the world after World War II, which he characterized as ""the encroaching void."" The title refers to a type of ancient Greek sculpture showing lone standing male figures, often striding forward into space. His specific point of reference was a famed example in The Met collection (32.11.1).",1945,1953,3,Marble | Sculpture,"[""M06""]",https://collectionapi.metmuseum.org/api/collection/v1/iiif/488755/1005818/restricted
W136,0,Water Stone,,"Water flows over this stone fountain almost invisibly. The fountain, created especially for this space, is one of the last sculptures by Isamu Noguchi, the American-born sculptor and designer. Noguchi made the work in Japan: the light stones in the fountain bed come from the Isuzu River—which flows near Ise Shrine, one of the most sacred Shinto sites—while the dark basalt stone that forms the fountain itself is also from Japan.",1986,1987,3,Basalt; on a foundation bed of naturally rounded granite stones | Sculpture,"[""M06""]",https://collectionapi.metmuseum.org/api/collection/v1/iiif/44520/2019588/restricted
W137,0,Work (Mask),,"In 1952, having gained access to the kilns of the potter and restaurateur Kitaōji Rosanjin (1883–1959) in Kamakura, Isamu Noguchi began experimenting with ceramics. He also visited Inbe, a region renowned for its Bizen ware, to study traditional wood-firing techniques, and collaborated with Kaneshige Tōyō (1896–1967)—who, in 1956, would be designated the first Living National Treasure of that pottery type. While in Tōyō’s studio, Noguchi created a plaster mold of an abstract “mask,” likely a stylized self-portrait, which was used to cast Work (Mask). The composition, with a concentrated look clenching a cigarette stub between the teeth, was inspired by the hand-built, unglazed haniwa of the Kofun period (ca. 300–710). A solo exhibition of Noguchi’s pioneering abstract ceramic artworks, held in 1952 in Kamakura, made a profound impression on a generation of progressive young potters. .",1952,2021,3,Unglazed Bizen stoneware | Ceramics,"[""M06"", ""M09""]",https://collectionapi.metmuseum.org/api/collection/v1/iiif/853819/2061548/restricted
W138,14,reconstructing an exodus history: boat trajectories from Vietnam and flight routes from refugee camps and of ODP cases,,"Delicate trails of scarlet thread embroidered across oceans of fabric represent the real-life journeys of refugees who fled Vietnam in the late twentieth century. Tiffany Chung compiled these routes to capture a perspective that had never been told: those of people like her family, who were forced to escape after the war ravaged their home country.

For Chung, the map is a way to frame her own experience. Having lived through the war and a subsequent move to the United States, she is fascinated by how political events change the world in ways big and small, shaping large-scale geographies as much as individual lives.",2020,2021,2,Embroidery on fabric | Decorative Arts | Fiber,"[""M10""]",https://ids.si.edu/ids/deliveryService?id=SAAM-2021.37_1-000004&max=2600
W139,7,"Coolieisms, aka: Sly Son Goku turns 23",A colorful painted portrait of a man with folded arms and spiky hair against decorative background.,,2021,5/30/2024,1,Oil on canvas | Paintings,"[""M04""]",https://whitneymedia.org/assets/artwork/68506/2024_41_cropped.jpg
W140,8,Farsite,,,1998,3/4/1999,0,Lithograph | Print | Drawings & Prints,"[""M02""]",
W141,8,Nearsite,,,1998,3/4/1999,0,Lithograph | Print | Drawings & Prints,"[""M02""]",
W142,8,Untitled,,,2001-03,3/11/2003,0,Lithograph and screenprint | Print | Drawings & Prints,"[""M02""]",https://www.moma.org/media/W1siZiIsIjUzMDY4MyJdLFsicCIsImNvbnZlcnQiLCItcmVzaXplIDEwMjR4MTAyNFx1MDAzZSJdXQ.jpg?sha=ea875d2d71e1eb2d
W143,8,Triple Point (Pendulum),,,2013,2/4/2014,0,"Salt, water, stone, string, projector, video, pendulum, and other materials | Installation | Painting & Sculpture","[""M05"", ""M08"", ""M06""]",https://www.moma.org/media/W1siZiIsIjI4NDcxNyJdLFsicCIsImNvbnZlcnQiLCItcmVzaXplIDEwMjR4MTAyNFx1MDAzZSJdXQ.jpg?sha=0a759bdbcae222a0
W144,8,The Conversation (As Remembered),,,2013,4/8/2015,0,"Digital print, collage, and laser-engraving; and book | Illustrated Book | Drawings & Prints","[""M03""]",https://www.moma.org/media/W1siZiIsIjMyMzMwMiJdLFsicCIsImNvbnZlcnQiLCItcmVzaXplIDEwMjR4MTAyNFx1MDAzZSJdXQ.jpg?sha=8334b3c95b773cf0
W145,8,Migrateurs (Green Lamp),,,1997,12/12/2016,0,Found objects | Sculpture | Painting & Sculpture,"[""M06""]",https://www.moma.org/media/W1siZiIsIjM4NjQ0OSJdLFsicCIsImNvbnZlcnQiLCItcmVzaXplIDEwMjR4MTAyNFx1MDAzZSJdXQ.jpg?sha=ca94c6bd23fb141b
W146,8,White Flash,,,2021,4/28/2022,0,"Lithograph, inkjet, screenprint, and watercolor with collage addition | Print | Drawings & Prints","[""M02"", ""M03""]",https://www.moma.org/media/W1siZiIsIjUyNTI3MyJdLFsicCIsImNvbnZlcnQiLCItcmVzaXplIDEwMjR4MTAyNFx1MDAzZSJdXQ.jpg?sha=f628583f084d590d
W148,8,Papillon from the portfolio The Met 150,,,2021,4/28/2022,0,Screenprint with embossing | Print | Drawings & Prints,"[""M02"", ""M03""]",https://www.moma.org/media/W1siZiIsIjUyMDY3OSJdLFsicCIsImNvbnZlcnQiLCItcmVzaXplIDEwMjR4MTAyNFx1MDAzZSJdXQ.jpg?sha=4bb397cc3c5ffd94
W149,8,Last Lap,,,2025,10/6/2025,0,"Oil paint, acrylic paint, archival paper, acrylic polymers, ink, dibond, aluminum, and wood | Painting | Painting & Sculpture","[""M04"", ""M06""]",
W150,8,"Afterimage, Screen with Blue Sun (Painting in its Archive)",Large collage of photographs and sketches arranged around a central studio window print on a white wall,,2018,12/9/2021,1,"Inkjet prints, oil, acrylic, adhesive, tape, ink, and wood | Installations","[""M08""]",https://whitneymedia.org/assets/artwork/60798/T_2018_312_1.jpg
W151,8,Map,Abstract artwork with thin vertical lines and scattered small blue tape pieces across a pale patterned field,,2019,1/12/2021,1,"Silkscreen, tape, hand-cut paper, and pencil on paper | Prints","[""M02""]",https://whitneymedia.org/assets/artwork/62985/2020_124_cropped.jpg
W152,8,Far Site and Near Site,,,1999,11/3/2019,1,See individual records. Set of two lithographs. | Prints,"[""M02""]",
W153,8,Evening,New York Times front page showing a large dark night-sky panel with news columns on the right,,2015,8/30/2017,1,"Silkscreen, digital print, and laser-engraved paper | Prints","[""M02""]",https://whitneymedia.org/assets/artwork/48355/2016_103_cropped.jpg
W154,8,Ripe Fruit Falling,,,2012,8/30/2017,1,"Laser-cut screenprint with painted pebbles, string and push pins | Prints","[""M02""]",
W155,8,Notepad,A small white architectural model hangs high on a gray wall with a dangling ladder and wood shavings below,"In her objects and installations, Sarah Sze has incorporated, (among hundreds of other items), toothpicks, aspirin tablets, plastic utensils, candy, and matchsticks. She transforms these most pedestrian of materials into complex, imaginative, three-dimensional arrangements both large and small. This sculpture is formed out of what looks to be an ordinary legal notepad tacked to the wall. Several of its pages are unfurled, spooling upward and outward, and dozens of rows of rectangular apertures have been meticulously incised and cut out of it. Notepad is a self-contained structure, but it also evokes other devices and constructions: its upper region resembles an abacus, while the lower configuration looks like a building surrounded by catwalks and fire escapes. The sculpture succinctly embodies the paradox at the heart of Sze’s works: they are intimately linked to the real world—and yet are also distinct, self-sufficient environments unto themselves.",2008,8/30/2017,1,Offset lithograph on laser-cut paper and board | Prints,"[""M02""]",https://whitneymedia.org/assets/artwork/34656/2008_299_vw1_cropped.jpg
W156,8,(not yet titled),"Delicate hanging mobile of wire tracks, photographs, and small plants suspended against a blue background",,2000,8/30/2017,1,Chromogenic print mounted on aluminum | Photographs,"[""M01""]",https://whitneymedia.org/assets/artwork/37366/2010_140_cropped.jpg
W157,8,Strange Attractor,"A suspended cloud of mirrors, plastic spoons, ladders, and other miscellaneous items chaotically interconnected. A large suspended kinetic sculpture made of wires, metal parts, lights, and small found objects","Sarah Sze’s Strange Attractor was originally commissioned for the monumental fourth-floor window of the Whitney as part of the Museum’s 2000 Biennial exhibition. The work could be seen in two ways: by walking around it in the gallery space, and by looking at it from street level, 75 feet below. Like many of Sze’s site-specific installations, Strange Attractor transforms the miscellany of everyday life into an idiosyncratic ecosystem or model universe, with every object dependent on each other. It constellates thousands of common items—all purchased in the neighborhood around the Whitney—including balsa wood, aspirin tablets, mirrors, plastic spoons, tickets, artificial plants, and a twisting conglomeration of ladders. Small fans cause bits of paper to flutter, an air humidifier creates a constant cloud of steam, and a set of clear plastic tubing circulates water throughout the massive work, adding a delicate motion and dynamism. In the midst of frantic chaos, seemingly spiraling in every direction, Sze creates a sensation of unity and balance.",2000,8/30/2017,1,Mixed media | Installations,"[""M08""]",https://whitneymedia.org/assets/artwork/13375/2001_1_cropped.jpg
W158,8,Near Site,Tall vertical blueprint-like drawing showing many tiny interconnected architectural structures and figures,,1999,8/30/2017,1,Lithograph on multiple sheets of paper | Prints,"[""M02""]",https://whitneymedia.org/assets/artwork/34804/2008_280_2_cropped.jpg
W159,8,Far Site,"Tall vertical drawing of interconnected miniature rooms, machines, and figures linked by ladders and platforms",,1999,8/30/2017,1,Lithograph | Prints,"[""M02""]",https://whitneymedia.org/assets/artwork/34803/2008_280_1_cropped.jpg
W160,8,Untitled (Soho Annual),,,1996,8/30/2017,1,Toilet paper and saliva | Sculpture,"[""M06""]",
W161,8,Night,,"In dynamic and intricate assemblages created with such humble everyday objects as Q-tips, paper envelopes, plastic water bottles, plants, and ladders, Sze explores a range of issues, including value, memory, and perception. Here, the artist conveys a similar poetic power and sense of disorientation in two-dimensional form. Using screenprint, lithography, and digital elements, she layers delicate architectural drawings, art historical references, cosmological details, and renderings of infrastructure, which, when combined with abstract elements, create constellations that seem to expand beyond the confines of the frame. Both Untitled and the later print Night reflect a similar engagement with form, scale, motion, and environment; from a distance, the more abstract elements dominate, yet a closer inspection reveals finely rendered architectural details.",2003,1/1/2017,3,Lithograph in colors with screenprint | Prints | Drawings and Prints,"[""M02""]",https://collectionapi.metmuseum.org/api/collection/v1/iiif/744097/1744735/thumbnail
W162,8,Slice,,"Sarah Sze has built a distinctive career with installations exploring the intersection of different mediums including painting, sculpture, sound, photography, drawing, video, and architecture. As a post-media artist, her work challenges the threshold between the digital and the analogue, the tactile and the imagined, the permanent and the impermanent. Her visual language reflects on contemporary life and the experience of time and space as continuously reshaped by a digitally saturated world.

Slice was part of Sze’s 2023 solo show, Timelapse, at the Guggenheim Museum, New York. The top level of the museum’s rotunda became an immersive environment of sculpture, painting, installation, and sound. The work is an intricate scaffolding construction made of wooden sticks. A collection of torn inkjet photographs, depicting details of natural scenes or landscapes, are displayed on one side, creating a sort of cascading effect in an inverted pyramidal shape. The installation is completed with three ladders of different colors and heights, and two video projectors displaying video directly onto the scaffolding. Other elements in this seemingly precarious construction include acrylic, ceramic, glass, plastic, tape, paper, and a plant, conferring a provisional quality as if the piece is in the process of being finished in the artist’s studio.

All the inkjet images in Slice are printed out from the video; the actual video is projected over them, allowing them to meet momentarily. Like other installation artists of her generation, Sze’s process-oriented practice embraces collecting, recycling, and the accumulation of different materials (artistic or ordinary) as an eloquent way to express and negotiate the fragmentation, contingency, and ephemerality of the human experience.",2023,1/1/2024,3,"Multimedia installation, including two-channel video, color, sound, 1 min., 30 sec.; video projectors; wood; stainless steel; acrylic; inkjet prints, ceramic, tape, and paper | Variable Media | Modern and Contemporary Art","[""M08""]",https://collectionapi.metmuseum.org/api/collection/v1/iiif/911446/2297823/restricted
W163,8,"Untitled (Day, Version 1)",,"In dynamic and intricate assemblages created with such humble everyday objects as Q-tips, paper envelopes, plastic water bottles, plants, and ladders, Sze explores a range of issues, including value, memory, and perception. Here, the artist conveys a similar poetic power and sense of disorientation in two-dimensional form. Using screenprint, lithography, and digital elements, she layers delicate architectural drawings, art historical references, cosmological details, and renderings of infrastructure, which, when combined with abstract elements, create constellations that seem to expand beyond the confines of the frame. Both Untitled and the later print Night reflect a similar engagement with form, scale, motion, and environment; from a distance, the more abstract elements dominate, yet a closer inspection reveals finely rendered architectural details.",2001,1/1/2017,3,Offset lithograph and screenprint | Prints | Drawings and Prints,"[""M02""]",https://collectionapi.metmuseum.org/api/collection/v1/iiif/744094/1744734/thumbnail
W164,8,Counting to Four,,"When you look at Counting to Four, what draws your attention? Is it the splintered pictures of glowing sunsets? Or the images of hands, shown as they mold clay and comfort a child? Or is it the areas of abstraction--striated fields layered with photographs, paint, tape, and paper?

Sarah Sze aims to capture the experience of contemporary consciousness in her art. She explores the ways that our constant encounter with images--on the internet and TV, and in newspapers and magazines--affects how we understand the physical world, our memories, and time itself. Mirroring the focus and fragmentation of the mind at work, Sze's goal is to scramble signals, creating something that is ""always flickering. . . . fragile.""",2023,2024,2,"Painting | oil paint, acrylic paint, inkjet prints, acrylic polymers, and ink on aluminum composite, aluminum, and wood","[""M04"", ""M02""]",https://ids.si.edu/ids/deliveryService?id=SAAM-2024.1A-B_1&max=2600
W165,8,Plywood Sunset Leaning (Fragment Series),,"This installation comprises supplies, tools, and debris from Sze’s home and studio. These ordinary materials challenge the perceived barrier between art and the everyday that we inhabit. The industrial ladder at the center of the sculptural composition is scaled to the viewer’s body, issuing a playful (though not literal) invitation to climb into the work of art. Similarly accessible, the recurring photographs of sunsets could be taken by anyone at any time in any place.",2015,2015,4,"Installation Media | Acrylic paint, wood, archival prints, ladder, mirror, paper cups, stone, lamp, tools, pen, tape, paint brush, newspaper","[""M08"", ""M11""]",https://www.clevelandart.org/_next/image?url=https…Cd6152%5Cu243061522%5C2015.145_o2.jpg&w=3840&q=75
W166,9,The Shape of a Right Statement,,,2008,12/18/2014,0,"High-definition video (color, sound) | Video | Media and Performance","[""M05"", ""M07""]",https://www.moma.org/media/W1siZiIsIjMxNzkyNiJdLFsicCIsImNvbnZlcnQiLCItcmVzaXplIDEwMjR4MTAyNFx1MDAzZSJdXQ.jpg?sha=a7bdc8a7c029338b
W167,9,WILDNESS,,,2012,12/18/2014,0,"Video (color, sound) | Video | Media and Performance","[""M05"", ""M07""]",https://www.moma.org/media/W1siZiIsIjMxNzkyNyJdLFsicCIsImNvbnZlcnQiLCItcmVzaXplIDEwMjR4MTAyNFx1MDAzZSJdXQ.jpg?sha=a90c2f8050bc24a4
W168,9,We hold where study,,,2017,11/7/2018,0,"Two-channel video (color, sound) | Installation | Media and Performance","[""M05"", ""M08"", ""M07""]",https://www.moma.org/media/W1siZiIsIjQzOTkzMiJdLFsicCIsImNvbnZlcnQiLCItcmVzaXplIDEwMjR4MTAyNFx1MDAzZSJdXQ.jpg?sha=8252ae280fb0a8db
W169,9,The Shape of a Right Statement,"A young person wearing a beige swim cap and black top stands before a sparkly curtain, mouth slightly open.",,2008,3/29/2019,1,"Video, color, sound, 5:15 min. | Installations | collection","[""M05"", ""M08""]",https://whitneymedia.org/assets/artwork/61333/2018_322_vw1_still.jpg
W170,9,DAMELO TODO (Give Me Everything),,,2010–2011,8/30/2017,1,"Video installation, color, sound, 20 min. looped, with bar, twelve bar stools, gold lamé curtain, monitor, video player, and monitor mount | Installations | collection","[""M05"", ""M08"", ""M11""]",https://whitneymedia.org/assets/artwork/40065/2012_30_vw1_cropped.jpg