id,artist,field_name,text,date,institution
IT01,1,ArtistBio,"American, born 1975",2026,0
IT02,1,Nationality,American,2026,0
IT03,1,Gender,female,2026,0
IT04,2,ArtistBio,"American, born 1975",2026,0
IT05,2,Nationality,American,2026,0
IT06,2,Gender,female,2026,0
IT07,2,wikidata_id,"Laurel Nakadate (born 1975) is an American feminist video artist, filmmaker, and photographer. She is based in New York City.",2026,1
IT08,3,wikidata_id,"Mequitta Ahuja (born 1976) is a contemporary American feminist painter of African American and South Asian descent who lives in Baltimore, Maryland. Ahuja creates works of self-portraiture that combine themes of myth and legend with personal identity.",2026,1
IT09,4,,"ha·pa (hä′pä) adj. 1. Slang, of mixed racial heritage with partial roots in Asian and/or Pacific Islander ancestry. n. 2. Slang, a person of such heritage. (der./Hawaiian: hapa haole, (half white))

Of Cantonese, English, Irish, and Welsh descent, Kip Fulbeck addresses the transforming hapa experience through autobiographical tales, his bitterly funny stories exposing sources of racism, sexism, and symbolic domination within suburban America.

Fulbeck’s rhythmic monologues, anecdotes, and snapshot imagery take the viewer through childhood fights and adult dilemmas, and question ethnic dating patterns and media depictions of Asian men, all the while documenting a family life richly colored by the Chinese language and culture of his mother’s family and the vernacular language and culture of Southern California. The stories move between the hilarious and tragic, shifting tenses and styles as his language shifts between broken Cantonese, pidgin English, academese, and SoCal speak.

Combining live readings, slide projections, text, and sound, the work avoids traditional artistic classification, moving between and forcing the reassessment of conventional boundaries (photography, video, writing, performance, etc.). In work that is often placed under the amorphous new genres umbrella, Fulbeck exposes the limitations of contemporary artistic categorization as well as ethnicity classification. Beginning with the question What do you check on the ethnicity box? he attacks the prevalent attitudes about where hapas “fit in” in a country which often ignores multi-raciality.

“Fulbeck’s art work moves incisively in and around the complex dynamics of being an Asian American. This is at once a typically American issue considering the diverse makeup of the population; and it is also an individual, sometimes painfully isolating, experience.”",1993,1
IT11,5,,"Ruth Asawa, artist, activist, and educator.

Born on a farm in Southern California, Asawa began her arts education when she was a teenager and she and her family were among the thousands of persons of Japanese descent who were forcibly incarcerated by the US government during World War II. It was at the internment camp that Asawa began taking classes in painting and drawing. After her release, Asawa studied to be a teacher but was unable to get a license because of her Japanese heritage, so she enrolled at Black Mountain College, an experimental art school in North Carolina. Asawa took classes from and worked alongside fellow artists Josef Albers, Robert Rauschenberg, Merce Cunningham, and R. Buckminster Fuller. Black Mountain was also where she met her husband, the architect Albert Lanier.

Asawa created Untitled (BMC.145, BMC Laundry Stamp) (c. 1948–49) while she was in charge of the student-run laundry facility. Moving in a pattern of rows and columns, she applied an inked laundry stamp with the college’s initials to a large portion of a bedsheet.

During her years at Black Mountain College, Asawa traveled to Mexico with Albers and his wife, Anni Albers, a fiber artist also on the faculty at the College. It was in a village outside Mexico City that Asawa learned to weave with wire. After settling permanently in San Francisco in the early 1950s, Asawa used this technique to create floating sculptures by looping wire with a dowel. Untitled (c. 1955) is an example of how Asawa’s innovative process created a new type of sculptural form, one which produced three-dimensional volume without interior mass. Moreover, this work, like her other wire sculptures, is installed hanging from the ceiling, giving it a greater sense of movement. She likened the weaving process to drawing in space.


Throughout her career, Asawa continued to experiment in different media. With its overlapping loops and circles, her print Desert Flower (1965) suggests a bird's eye view of one of her transparent wire sculptures. It is one of 54 lithographs that Asawa made in 1964 and 1965 at Tamarind Lithography Workshop, which was instrumental in bringing about a renaissance of printmaking in the US. In Aiko (1965), another work from this series, Asawa captures the likeness of one of her six children, creating a monochromatic profile of her daughter.

During her many years working in San Francisco, Asawa created and installed several large scale sculptures in public spaces. She also worked tirelessly as an advocate for art education in the city’s public schools. In all her endeavors, Asawa maintained a commitment to creativity and innovation. ",2026,0
IT12,5,biography,"As the child of Japanese immigrants living in California, Ruth Asawa was placed in an internment camp for several years during World War II. Because of lingering discrimination after the war and bleak job prospects, Asawa abandoned her pursuit of a teaching degree and in 1946 she enrolled instead at the experimental, nonaccredited Black Mountain College in North Carolina. She planned to study painting and drawing with the influential artist Josef Albers, but the institution’s cross-disciplinary emphasis soon led her to sculpture. This nascent interest flourished after a summer in Toluca, Mexico, where she learned from the local craftspeople how to make the crocheted wire baskets she had admired. The crochet technique requires looping wire around a wooden dowel to produce what the artist described as “a string of e’s.” By repeating this one motion—with adjustments made for the weight of the material or the space between loops—Asawa created undulating, voluminous forms. 

Number 1 – 1955 (which the artist had to re-create in 1958 because of faulty metal in the original), like many of Asawa’s abstract wire sculptures, is comprised of an outer, vertical structure, inside of which she nestled smaller shapes, often of a differing metal. Suspended from the ceiling, the biomorphic, semitransparent structure creates a multidimensional play of interior and exterior spaces and a constellation of shadows on the wall. ",2026,1
IT13,5,wikidata_id,"Ruth Aiko Asawa (Japanese: 浅和 愛子, January 24, 1926 – August 5, 2013) was an American modernist artist known primarily for her abstract looped-wire sculptures inspired by natural and organic forms. In addition to her three-dimensional work, Asawa created an extensive body of works on paper, including abstract and figurative drawings and prints influenced by nature, particularly flowers and plants, and her immediate surroundings.

Born in Norwalk, California in 1926, Asawa was the fourth of seven children born to Japanese immigrants. She grew up on a truck farm. In 1942, her family was separated when they were sent to different Japanese internment camps as a result of isolation policies for Japanese-Americans mandated by the U.S. government during World War II. At Rohwer War Relocation Center in Arkansas, Asawa learned drawing from illustrators interned at the camp. In 1943, she was able to leave the camp to attend Milwaukee State Teachers College, where she hoped to become a teacher but was unable to complete her studies because her Japanese ancestry prevented her from obtaining a teaching position in Wisconsin.

In 1946, Asawa joined the avant-garde artistic community at Black Mountain College in North Carolina, where she studied under the influential German-American Bauhaus painter and color theorist Josef Albers, as well as the American architect and designer Buckminster Fuller. At Black Mountain College, Asawa began making looped-wire sculptures inspired by basket crocheting technique she learned in 1947 during a trip to Mexico. In 1955, she held her first exhibition in New York and by the early 1960s, she had achieved commercial and critical success and became an advocate for public art according to her belief of ""art for everyone"". She was the driving force behind the creation of the San Francisco School of the Arts, which was renamed the Ruth Asawa San Francisco School of the Arts in 2010.

Her work is featured in collections at the Solomon R. Guggenheim Museum and the Whitney Museum of American Art in New York City. Fifteen of Asawa's wire sculptures are on permanent display in the tower of San Francisco's de Young Museum in Golden Gate Park, and several of her fountains are located in public places in San Francisco. In 2020, the U.S. Postal Service honored her work by producing a series of ten stamps that commemorate her well-known wire sculptures.",2026,1
IT14,6,wikidata_id,"Do Ho Suh (Korean: 서도호; Hanja: 徐道濩; born 1962) is a South Korean artist who works primarily in sculpture, installation, and drawing. Suh is well known for re-creating architectural structures and objects using fabric in what the artist describes as an ""act of memorialization."" After earning a Bachelor of Fine Arts and Master of Fine Arts from Seoul National University in Korean painting, Suh began experimenting with sculpture and installation while studying at the Rhode Island School of Design (RISD). He graduated with a Bachelor of Fine Arts in painting from RISD in 1994, and went on to Yale where he graduated with a Master of Fine Arts in sculpture in 1997. He practiced for over a decade in New York before moving to London in 2010. Suh regularly shows his work around the world, including Venice where he represented Korea at the 49th Venice Biennale in 2001. In 2017, Suh was the recipient of the Ho-Am Prize in the Arts. Suh currently lives and works in London.

Suh's work focuses on the different ways architecture mediates the experience of space. Architecture has been a key reference for the artist since the mid-1990s—even for pieces like Floor (1997–2000) that do not resemble buildings. As a result, Suh pays particular attention to the site-specificity of the work, and sensorial experience of the viewer engaging with his pieces while moving in the exhibition space. A number of his sculptures produced in the past few decades consider the possibilities for sculpture to become architecture, and vice versa. His blurring of the line between sculpture and architecture often renders architectural structures portable through material change, as exemplified by one of his most famous works Seoul Home...(1999), for which he recreated his childhood home using polyester and silk. Suh's use of fabric and paper functioning like a ""second skin"" makes it possible for his pieces to be folded up and transported. His material choices of rice paper, and fabric commonly found in hanbok also refer to traditional Korean art and architecture.",2026,1
IT15,6,artistDisplayBio,"(Korean, born Seoul, 1962)",2026,3
IT16,0,ArtistBio,"American, 1904–1988",2026,0
IT17,0,biography,"Over the course of his prolific, six-decade career, Isamu Noguchi explored nearly every available mode of art making. He produced drawings, sculptures, ceramics, and photographs, but also designed stage sets, playgrounds, furniture, and garden landscapes. In 1944 Noguchi began constructing a series of abstract sculptures comprised of flat, interlocking components. His encounter with the organic shapes (or “biomorphs”) that Surrealist artists were using to visually evoke dream states and the unconscious influenced his embrace of these curved, subtly anthropomorphic forms.

Noguchi developed a step-by- step process that involved drawing, model making, collage, and enlargement to create his sculptures. Work Sheets for Sculpture demonstrates a preliminary stage of this process. Noguchi first sketched shapes suggestive of bones and boomerangs on black paper, cut them out, and then arranged them into small models. This technique allowed the artist to test the configurations’ stability and make any adjustments prior to executing the final structures. He then mounted the excised graph paper, which he used to calculate the measurements required for enlarging and transferring elements, onto slabs of slate, marble, or wood. For Humpty Dumpty, Noguchi selected ribbon slate and combined the five interlocking units into an upright, freestanding sculpture. Instead of affixing the pieces with adhesive, dowels, or pins, he manipulated properties of balance and gravity. While one segment hangs, another offers crucial support. The result suggests a state of precariousness; removing even one element risks inciting collapse. The work’s title underscores the sculpture’s fragility: it invokes the familiar children’s nursery rhyme of the same name, in which “all the king’s horses and all the king’s men / couldn’t put Humpty together again.” Noguchi’s interpenetrating sculptures—made in the years during and following World War II—offer a potent reminder of humanity’s delicate interconnectedness.",2026,0
IT18,0,wikidata_id,"Isamu Noguchi (野口 勇, Noguchi Isamu; Japanese: [noꜜgɯtɕi isamɯ], English: ; November 17, 1904 – December 30, 1988) was an American artist, furniture designer and landscape architect whose career spanned six decades from the 1920s. Known for his sculpture and public artworks, Noguchi also designed stage sets for various Martha Graham productions, Akari light sculptures, and furniture pieces, many of which are still manufactured and sold. His work is displayed at the Isamu Noguchi Foundation and Garden Museum in New York City as well as many other museums.",2026,0
IT19,0,description,"Mr. Isamu Noguchi (American, 1904–1988)",2026,4
IT20,0,did_you_know,"Noguchi said, ""You can find out how to do something and then do it, or do something and then find out what you did.""",2026,4
IT21,0,artist_tags,"Asian American, male",2026,4
IT22,0,category_titles,"Contemporary works by BIPOC artists, summer 2021",2021,4
IT23,0,nationality-and-dates,"American, 1904 - 1988",2021,6
IT24,0,biography,"Isamu Noguchi regarded his sculptures not as rarefied art objects, but as living forms capable of activating and transforming the spaces they inhabit. Drawing inspiration from ancient forms--from Japanese temples to Native American burial mounds--Noguchi intended for his work to serve an integral role in its physical and spiritual environment.  
  
Noguchi's mother was an American teacher and writer and his father an acclaimed Japanese poet. His mother raised him in Japan before being sending Noguchi alone to attend high school in Indiana. Noguchi moved to New York to attend Columbia University in 1922, but left in 1924 to become a sculptor. In 1927 the young artist went to Paris where he worked as sculptor Constantin Brancusi's studio assistant. Later he traveled to China, Japan, and Mexico.  
  
Returning to New York at the end of 1928, Noguchi began designing plazas, playgrounds, gardens, fountains, and sculpture gardens. He also created portrait busts and dance and theater sets. In 1942, Noguchi voluntarily entered a Japanese-American relocation camp in Arizona for six months. There, he designed a camp recreation area in order to improve the environment for internees, but this project was never realized. Back in New York, Noguchi created a series of mixed-media constructions to articulate his anguish in the face of World War II. By the war's end, a suite of abstract forms executed in marble and slate had established Noguchi's reputation.  
  
Growing fame enabled Noguchi to ambitiously explore what he called ""the sculpture of spaces""--working to make sculpture a part of daily life. His furniture designs were mass-produced by the Herman Miller Furniture Company and by Knoll. He created innovative stage sets for avant-garde choreographers including Martha Graham. Synthesizing Eastern and Western influences in a personal aesthetic, Noguchi designed numerous playgrounds, sculpture gardens, and courtyards. He also continued making sculptures and worked with a range of materials including Italian marble and granite, aluminum and bronze. Several years before his death, he opened his Long Island City home and studio to the public, now known as the Noguchi Museum.",2021,6
IT25,0,ulan_url,"Modernist sculptor and designer was born in Los Angeles to Yone Noguchi, a Japanese poet and teacher, and Leonie Gilmore, an American novelist. His early years (1906-1918) were spent in Japan. He attended high school in Indiana. After high school he worked briefly for the American sculptor Gutzon Borglum and later studied in Paris (1927-1928) where he met Calder, Giacometti, and Brancusi, in whose studio he worked for six months. He traveled frequently and spent time in New York, London, Beijing, (post-war) Japan, and Mexico. He worked as a portraitist and decorator during the war years, and from 1935 began designing sets for the stage, most notably for Martha Graham. He worked primarily as a sculptor, but created designs for parks, monuments, playgrounds, fountains, and gardens. His designs for furniture and lighting (akari) remain in production.",2026,3
IT26,26,artistDisplayBio,"born Da Nang, Viet Nam 1969",2026,2
IT27,7,wikidata_id,"Oscar yi Hou (born 1998) is a New York City–based British Chinese painter and poet.

He is known for his portraits that are ""never purely figurative, but position characters as richly complex ciphers"", engaging with the “subterranean semiotics” of his communities. His oil-on-canvas works make reference to a variety of visual cultures and histories, from pop culture to art history, including Dragon Ball Z or Martin Wong.",2026,1
IT28,8,ArtistBio,"American, born 1969",2026,0
IT29,8,Gender,female,2026,0
IT30,8,,"Sarah Sze created Strange Attractor for a specific site—the area in front of the massive window on the fourth floor of the Whitney Museum’s Marcel Breuer–designed building— as part of the 2000 Biennial exhibition. Intended to be viewed both in the gallery and from Madison Avenue, seventy-five feet below, the sculptural installation veritably explodes into space, its hundreds of parts radiating in multiple directions, extending up even past the open grid of the ceiling. The work has an additional local resonance: Sze sourced all of the materials used in its making from the neighborhood around the Museum. They are ordinary objects— aspirin tablets, plastic spoons, balsa wood, metal ladders, and paper tickets—similar to items found in the artist’s other intricate, architecturally scaled constructions. Other elements render the arrangement dynamic: mirrors cause volleys of reflection; small whirring fans set bits of paper in motion; a humidifier dispenses steam; and water flows through a set of clear plastic tubes. These activities lend the work qualities of a delicate, organic ecosystem, in which interdependent parts change over time. (Sze’s title is a mathematical term, describing the pattern of behavior in a chaotic system.) Yet, in spite of the work’s subtle motion and initial sense of unruliness, Strange Attractor registers a finely calibrated equilibrium. Sze’s installations are precisely planned and configured.",2026,1
IT31,8,wikidata_id,"Sarah Sze (; born 1969) is an American artist and professor of visual arts at Columbia University. Sze's work explores the role of technology, information, and memory using everyday materials. Her work often represents objects caught in suspension. Drawing from Modernist traditions, Sze confronts the relationship between low-value mass-produced objects in high-value institutions, creating the sense that everyday life objects can be art. She has exhibited internationally and her works are in the collections of several major museums.",2026,1
IT32,8,,"Born Boston, MA 1969. Active in New York, New York, United States.",2026,2
IT33,8,description,"American, b. 1969",2026,4
IT34,8,did_you_know,"Sze was originally trained as a painter and her study of that medium informs her sculpture—here, paint is a sculptural element.",2026,4
IT35,8,artist_tags,"Asian American, female",2026,4
IT36,9,wikidata_id,"Wu Tsang (born 1982 in Worcester, Massachusetts) is a filmmaker, artist and performer based in New York and Berlin, whose work is concerned with hidden histories, marginalized narratives, and the act of performing itself. In 2018, Tsang received a MacArthur ""genius"" grant.

According to Tsang, her films, videos, and performances look to explore the ""in-betweeness"" in which people and ideas cannot be discussed in binary terms. Generally, her films form a hybrid of narrative and documentary; they do not conform fully to one form or the other.

Her projects have been presented at the Tate Modern (London), Stedelijk Museum (Amsterdam), Migros Museum (Zurich), the Whitney Museum and the New Museum (New York), the MCA Chicago, MoCA Los Angeles and SFMOMA (San Francisco). In 2012 she participated in the Whitney Biennial, Liverpool Biennial and Gwangju Biennial.",2026,1
IT37,9,,"“Whose voices are heard, whose are silenced?” For Wu Tsang, who posed these questions in a statement from 2012, such interrogations are as relevant to social justice as they are to artistic expression.
In both her practice and everyday life, she intertwines aesthetic performance and political activism, from socially conscious performance and video art to free legal assistance and safe-haven spaces for immigrants and marginalized groups. As a filmmaker, multimedia artist, and performer, Tsang uses a notable range of inspirations, materials, and settings for her work, of which recent examples include video collaborations with scholar and poet Fred Moten and choreographed performances for the stage.             

In Wildness (2012), her first feature-length film, Tsang blends fact and fiction through documentary aspects and what the artist describes as “magical realism.”

The film’s title refers to a weekly club night that Tsang organized at Los Angeles’ Silver Platter, one of the city’s original gay bars and a recognized refuge for the Latinx trans community. By personifying the Silver Platter as a narrator, Tsang creates a composite character through which to share the perspectives and experiences of the bar’s patrons. “I was approaching it more as an activist trying to be a filmmaker,” Tsang said of the film. “I felt there was an important story to tell about the lives of my friends at the bar, many of whom were trans women and undocumented immigrants, often struggling with overlapping invisibilities, and thriving despite intense conditions of violence and policing.”

The film’s combination of celebratory imagery and moving personal stories allows Tsang to reconsider the notion of so-called safe space and the communities it serves.

In multiple works, Tsang incorporates audiovisual citations to emphasize the processes—and problems—of representation and recognition. Her 2008 video The Shape of a Right Statement, also filmed at the Silver Platter, captures Tsang’s reperformance of a text published in 2007 by autism rights activist Amanda Baggs. Standing before the Silver Platter’s sparkling stage curtain and looking into the camera, Tsang recontextualizes part of Baggs’s diaristic manifesto and speaks in a digitally modulated version of her own voice: “The way I naturally think and respond to things looks and feels so different from standard concepts…that some people do not consider it thought at all.” As Tsang rehearses the text before the camera, her eyes begin to glisten with tears. By restaging Baggs’s words as a form of video self-portraiture, the artist invites us to contemplate the complexities of language and the ambiguity of subjectivity, an invitation that may further prompt a reexamination of our beliefs about selfhood and individual experience.",2026,0
IT38,9,ArtistBio,"American, born 1982",2026,0
IT39,9,Gender,female,2026,0
IT40,10,,"Born in Portland, Oregon, and raised in San Francisco, Martin Wong rose to fame in New York City during the 1980s for his striking paintings of Manhattan’s Lower East Side. His works balanced images of the desolation and destruction he saw on the streets with an explosion of various writing systems, poetry, and astronomical signs across the sky. Wong’s art and collecting also reveal his deep bonds with artists and writers who lived in the neighborhood.

A devotee of calligraphy, Wong regarded letter writing as an art form. Sent to his parents soon after he moved to New York, the centerpiece of First letter home from New York (also I joined the Museum of Modern Art) is Wong’s drawing of the Brooklyn Bridge and FDR drive, landmarks that he saw from the window of his room at the Myers Hotel in Manhattan’s South Street Seaport, where he lived between 1978 and 1981. The expressive script relates his impressions of Manhattan, including his first visit to MoMA, which he humorously describes as a “drop in center for out of town artists.” Wong’s letter functioned as a map of his whereabouts and foreshadows the structure of paintings he would create in the 1980s, with titles based on the locations they portrayed and a city skyline filled with text he based on various writing systems—such as American Sign Language (ASL) and those he had studied in Asia earlier in life—and stylized personal embellishments. Wong’s postscript asking his mother to ship a Mimbres bowl (from his vast collection of ceramics, art, and knickknacks) to Sotheby’s auction house reveals a lesser known but equally important part of his artistic practice. For him, collecting art went hand in hand with creating it.  

In 1981 Wong moved farther uptown (but still downtown), to a predominately Puerto Rican section of the Lower East Side known as “Loisaida.” Although the city’s power brokers condemned the area as an urban wasteland, the resident artists and poets involved in the Nuyorican movement were fostering a cultural effluence of spoken-word poetry, performance art, music, muralism, and graffiti. Stanton near Forsyth Street is emblematic of that period in Wong’s life. The painting features a rare self-portrait of Wong with his muse, Miguel Piñero, a poet, playwright, actor, and cofounder of the Nuyorican Poets Café. Piñero’s semi-autobiographical writings about outlaws who use their wits to survive on the city’s streets and in its prison system earned critical acclaim. The text above Piñero’s head is excerpted from a Spanish-language photo novella, Los Sonobulos. The words carved into the trompe-l’oeil frame and reproduced in ASL are the closing lines from a poem Wong wrote and illustrated a decade earlier, “Psychic Bandits” (c. 1970–73): “Morning at the edge of time. It never really mattered.”
1


Houston Street is a life-size replica of a worn corrugated metal gate, one in a series of 10 paintings of closed storefronts that Wong rendered for The Last Picture Show. This Conceptual installation at Semaphore Gallery documented Loisaida’s precarity, a consequence of the city government’s neglect and gentrification.
2
 Wong’s prior training as a ceramicist and oil painter is evident in the care he took to replicate the gate’s erosion by layering thin coats of paint in uneven patches of white, gray, black, and brown across the surface of the canvas. Painted on the back of Houston Street is an unfinished collaboration with graffiti artists Aaron “Sharp” Goodstone and Calvin Gonzalez, aka Delta 2. Wong was a passionate advocate for the preservation of graffiti art. In 1985 he opened a graffiti art museum to showcase his storehouse of pieces created by New York’s iconic aerosol artists. “Martin was a champion of our movement years after the first wave was stripped off the trains and our canvases receded from art world appreciation,” wrote the graffiti artist Lee Quiñones. “He often sought advice from me, Daze, and a few others on key works he should acquire. Sometimes he listened, sometimes he didn’t, but Martin embraced our movement and the broad constellation of contributors like no one else.”
3
 When he was diagnosed with AIDS in the early 1990s, Wong began planning to distribute his collection. He donated 300 graffiti works from his collection to the Museum of the City of New York.
4
 In 2001 his family established the Martin Wong Foundation to provide scholarships to students studying art at four universities in California, Arizona, and New York.

Despite his deep engagement with the contemporary scene around him, Wong connected his work to a long tradition in art history. “Basically, I am a Chinese landscape painter,” he once said. “If you look at Chinese landscapes in the museum, they have writing in the sky. They write a poem in the sky and so do I.” ",2026,0
IT41,10,ArtistBio,"American, 1946–1999",2026,0
IT42,10,Gender,male,2026,0
IT43,10,,"In 1978 Martin Wong moved from California to New York’s Lower East Side, then a vibrant community of predominantly Puerto Rican immigrants and known by its Nuyorican name, “Loisaida.” Raised in San Francisco’s Chinatown district by parents who had themselves immigrated to the United States from China, Wong studied ceramics and participated in experimental performance groups in the San Francisco Bay Area before turning to painting. His canvases, often marked by their earthy palettes, lively social interactions, and brick backdrops, reflected his urban environment and gave visibility to groups underrepresented in both the society and art of the time, including recent immigrants and the gay community (Wong was openly gay). The physical architecture of the neighborhood constantly looms behind this very human subject matter: especially tenement buildings similar to the one Wong himself lived in, whose windows sometimes reveal interior lives and whose walls often bear traces of graffiti.",2026,1
IT44,10,wikidata_id,"Martin Wong (Chinese: 黃馬鼎; July 11, 1946 – August 12, 1999) was a Chinese-American painter of the late 20th century. His work has been described as a meticulous blend of social realism and visionary art styles. Wong's paintings often explored multiple ethnic and racial identities, exhibited cross-cultural elements, demonstrated multilingualism, and celebrated his queer sexuality. He exhibited for two decades at notable New York galleries including EXIT ART, Semaphore, and P.P.O.W., among others, before his death in San Francisco from an AIDS-related illness. P.P.O.W. continues to represent his estate.",2026,1
IT45,11,ArtistBio,"American, born 1979",2026,0
IT46,11,Gender,male,2026,0
IT47,12,wikidata_id,"Byron Kim (born in 1961 in La Jolla, California) is an American contemporary artist. He is Korean American, and lives and works in Brooklyn, New York. In the early 1990s he produced minimalist paintings exploring racial identity. He graduated from Yale University in 1983 where he was a member of Manuscript Society.",2026,1
IT48,12,,"Also known as
Byron Yunyong Kim
Born
La Jolla, California, United States
Active in
New York, New York, United States",2026,2
IT49,12,,"American, born 1961",2026,2
IT50,13,,"Paul Pfeiffer, who grew up in the Philippines, studied at the San Francisco Art Institute and at Hunter College in New York, and was a participant in the Whitney Museum’s Independent Study Program (1997–98), is known for video installations that destabilize the viewing experience. Pfeiffer dissects filmed material into clips, modifies it—for example, by erasing figures or elements—and reconstructs it into brief loops that reframe the original scene’s meaning or highlight its iconic nature. Sports, religion, gender identity, and power structures are themes that frequently surface in the work. Pfeiffer’s thirty-second video loop Fragment of a Crucifixion (After Francis Bacon) features basketball player Larry Johnson, centrally framed in the small projected image and trapped in a silent, triumphant scream that accompanies a quick movement between three different positions. The ball, backboard, and other players have been erased from the image, which frames Johnson in an explosion of flashbulbs in front of an audience that seems distant. The athletic moment is removed from and transcends its original context, and Johnson’s roar thus becomes ambiguous, oscillating between triumph and torment. Pfeiffer’s project references the 1950 painting Fragment of a Crucifixion by Francis Bacon, in which the scream of a dying creature suspended from a cross becomes the centerpiece of the work. Pfeiffer’s Fragment of a Crucifixion also has a strong sculptural quality: mounted on a metal armature, the projector emitting the video image becomes a prominent material component, and time itself becomes sculptural in the way it is compressed and formed into a continuously repeating moment.",2026,1
IT51,13,ArtistBio,"American, born 1966",2026,0
IT52,13,Gender,male,2026,0
IT53,13,wikidata_id,"Paul Pfeiffer (born 1966 in Honolulu, Hawaii) is an American sculptor, photographer and video artist. Described by peer artist Gregory Volk as a clever manipulator of popular media, images and video technology, Pfeiffer is stated (by Volk) as one 'who excels at recasting well-known athletic and entertainment events with surprising open-ended nuances.'",2026,1
IT54,14,,"born San Francisco, CA 1936-died San Francisco, CA 2013",2026,2
IT55,14,wikidata_id,"Carlos Villa (December 11, 1936 – March 23, 2013) was a Filipino-American visual artist, curator and faculty member in the Painting Department at the San Francisco Art Institute. His work often explored the meaning of cultural diversity and sought to expand awareness of multicultural issues in the arts.
",2026,1
IT56,15,wikidata_id,"Korakrit Arunanondchai (Thai: กรกฤต อรุณานนท์ชัย) is a video and multimedia artist originally from Bangkok who now splits his time between Brooklyn and Bangkok. He is best known for his 2017 installation, With history in a room filled with people with funny names 4, which received widely positive reviews and was recognized with an award at the International Film Festival Rotterdam.",2026,1
IT57,16,,"Shu Lea Cheang (b. 1954; Tainan, Taiwan) is an artist and filmmaker who engages in genre-bending, gender-hacking art practices. She frequently uses sci-fi narratives in her film scenarios and artworks and builds interfaces that invite public participation. A net art pioneer, her work BRANDON (1998–99) was the first piece of net art commissioned and collected by the Guggenheim Museum, New York. Cheang represented Taiwan at the 2019 Venice Biennale with her mixed-media installation 3x3x6. Crafting her own genre of sci-fi “New Queer Cinema,” she has made four feature films: FRESH KILL (1994), I.K.U. (2000), FLUIDø (2017), and UKI (2023). In 2024 Cheang received the LG Guggenheim Art and Technology Award. In 2025, her survey exhibition KI$$ KI$$ was shown at Haus der Kunst, Munich; and her theatre performance Hagay Dreaming was presented at Tate Modern, London.",2026,1
IT58,16,wikidata_id,"Shu Lea Cheang (Chinese: 鄭淑麗; pinyin: Zhèng Shúlì; born April 13, 1954) is a Taiwanese-American artist and filmmaker who lived and worked in New York City in the 1980s and 1990s, until relocating to Europe in 2000. Since the 1980s, as a multimedia and new-media artist, she has navigated topics of ethnic stereotyping, sexual politics, and institutional oppression with her radical experimentations in digital realms.

Over the past decade, she has emerged as a prominent figure in new media art. Cheang is one of the leading multimedia artists dealing with multidisciplinary topics. She is regarded as a pioneering figure in internet-based art, with her multimedia approach at the interface between film, video, internet-based installation, software interaction and durational performance. Her work is often interactive. She is most noted for her individual approach in the realm of art and technology, creatively intermingling social issues with artistic methods.

Cheang's work employs film, video, net-based installation, and interface to explore ""...ethnic stereotyping, the nature and excesses of popular media, institutional – and especially governmental – power, race relations, and sexual politics."" Cheang has also written and directed the feature films I.K.U. and Fluidø, and directed Fresh Kill.
",2026,1
IT59,17,,"American, born Miami, Florida, 1974",2026,3
IT60,18,,"born Kingston, Jamaica 1958
Also known as
Albert V. Chong
Albert Valentine Chong",2026,2
IT61,19,ArtistBio,"American, born 1966",2026,0
IT62,19,Gender,male,2026,0
IT63,19,wikidata_id,"Michael Joo is a contemporary artist known for using a combination of scientific language, processes and complex structures that speak to liminality, access, and transmission. Much like Joseph Beuys, Joo uses various media such as sculpture, photography, printmaking, and painting, further referencing cultural heritage, identity, and natural history. He currently lives and works in New York, New York, as a Senior Critic in Sculpture at Yale University. He also teaches at Columbia University in the MFA program.",2026,1
IT64,20,,"Kina, Laura, 1973-",2019,2
IT65,21,,"Born of mixed Filipino, Spanish, and Chinese ancestry into a wealthy sugar- manufacturing family, Alfonso Ossorio moved to the United States as an adolescent in 1930 and completed his education in fine arts at Harvard University and, subsequently, the Rhode Island School of Design. During his studies, Ossorio created meticulously rendered drawings and watercolors that combined religious symbolism with Surrealist imagery. In the late 1940s he began to explore abstraction, guided by the close friendships he had formed with the Neo-Expressionist and Art Brut pioneer Jean Dubuffet and the Abstract Expressionist painters Clyfford Still and Jackson Pollock, with whom he showed work at the Betty Parsons Gallery in Manhattan.",2026,1
IT66,21,wikidata_id,"Alfonso Angel Yangco Ossorio (August 2, 1916 – December 5, 1990) was a Filipino American abstract expressionist artist who was born in Manila in 1916 to wealthy Filipino parents from the province of Negros Occidental. His heritage was Hispanic, Filipino, and Chinese. Between the ages of eight and thirteen, he attended school in England. At age fourteen, he moved to the United States. Ossorio attended Portsmouth Priory (now Portsmouth Abbey School) in Rhode Island, graduating in 1934. From 1934 to 1938, he studied fine art at Harvard University and then continued his studies at the Rhode Island School of Design. He became an American citizen in 1933 and served as a medical illustrator in the United States Army during World War II.

Ossorio's early work was surrealist. He was an admirer and early collector of the paintings of Jackson Pollock and a young Joseph Glasco who counted him as a good friend, and whose works influenced and were influenced by Ossorio. He also established a contact between Pollock and the young gallery owner Paul Facchetti from Paris through the painter and art historian Michel Tapié. Facchetti realized Pollock's first solo exhibition in Europe in 1952. In the early 1950s, Ossorio was pouring oil and enamel paints onto canvas in the style of the first abstract expressionist movement in the US.

In 1950, he was commissioned by the parish of St. Joseph in Victorias City, Negros Occidental in the Philippines to do a mural which would be known as ""The Angry Christ"" to complete the reconstruction of the church built by the Czech architect Antonín Raymond. Ossorio had this to say in a 1968 interview. ""(The Angry Christ) is a continual last judgment with the sacrifice of the mass that is the continual reincarnation of God coming into this world. And it worked out beautifully because the services take place usually very early because of the heat and the church had been oriented so that the sun would come in and strike the celebrant as he stood at the altar with this enormous figure behind him. It worked, if I do say so myself. And although they loathed it at the time it was done it is almost now a place of pilgrimage.""

Ossorio traveled to Paris to meet Jean Dubuffet in 1950. Dubuffet's interest in art brut opened up new vistas for Ossorio, who found release from society's preconceptions in the unstudied creativity of insane asylum inmates and children. On the advice of Pollock, Ossorio purchased an expansive 60-acre (240,000 m) estate, ""The Creeks"", in East Hampton in 1951, and lived there for more than forty years. He arranged to house and display Dubuffet's art brut collection there. In the 1950s, Ossorio began to create works resembling Dubuffet's assemblages. He affixed shells, bones, driftwood, nails, dolls' eyes, cabinet knobs, dice, costume jewelry, mirror shards, and children's toys to the panel surface. Ossorio called these assemblages congregations, with the term's obvious religious connotation.

Ossorio was represented alongside Dubuffet and nearly 140 other artists in the Museum of Modern Art's 1961 exhibition The Art of Assemblage, which introduced the practice to a broad public.

Ossorio died in New York City in 1990. Half his ashes were scattered at his grand estate The Creeks and the other half came to rest nine years later at Green River Cemetery alongside the remains of many other famous artists, writers and critics. After his death, his partner Edward ""Ted"" Dragon arranged for the sale of The Creeks, eventually selling it to Ronald Perelman complete with many of Ossorio's brightly colored found object art sculptures placed in among the groves of exotic evergreens that Ossorio had carefully planted in his final 20 years of life. Outside of The Creeks, Harvard Art Museum (Massachusetts), the Honolulu Museum of Art, the Housatonic Museum of Art (Bridgeport, Connecticut), and Washington D.C museums The Phillips Collection, National Gallery of Art, and Smithsonian American Art Museum, are among the public collections holding work by Alfonso A. Ossorio.",2026,1
IT67,21,,"Also known as
Alfonso A. Ossorio
Born
Manila, Philippines
Died
New York, New York, United States
Active in
East Hampton, New York, United States
born Manila, Philippines 1916-died New York City 1990",2026,2
IT68,21,ArtistBio,"American, born Philippines. 1916–1990",2026,0
IT69,21,Gender,male,2026,0
IT70,22,,"Why do societies value some things but not others? This is one of the many questions Conceptual artist Stephanie Syjuco explores in her shape-shifting work, which spans photography, sculpture, installation, performance, and digital networks. As Syjuco puts it, “I’m interested in how objects reflect cultural moments, and I’m trying to figure out…why we value what we value.”
1


Born in the Philippines, Syjuco was three years old when she and her mother immigrated to the United States. Her curiosity about what it means to be an “authentic Filipino”—combined with a spirit of antiestablishment irreverence and a generous impulse towards collaboration—propelled many of her early performances and installations. In her 2009 performance COPYSTAND, Syjuco and other artists created a shop at the Frieze Art Fair, where they made and sold deeply discounted counterfeit “copies” of artworks for sale elsewhere at the same fair. The following year, for the P.S.1 Contemporary Art Center’s 1969 exhibition, Syjuco constructed copies of sculptures by the German Conceptual artist Joseph Beuys and the American sculptor Robert Morris—works in MoMA’s collection that were deemed too fragile to exhibit—out of various objects she had collected. In both projects, Syjuco explored notions of originality and authenticity, which typically impact how a viewer might perceive an artwork’s meaning and value.

If Syjuco’s performances encourage a viewer to question an object’s value, her photographs point out our tendency to associate photographs with concepts of truth or documentary. The series Cargo Cults (2013–17) is styled after historic ethnographic studio portraits, like those made of people in the Philippines during the 19th and 20th centuries. Syjuco’s photographs reference the ways in which women around the world have used textiles to make head and face coverings, such as the niqab worn by some Muslim women. The series demonstrates how the camera and conventions of portraiture can objectify a person and erase cultural differences.

In Cargo Cults: Head Bundle (2013–16), the artist appears in front of fabrics printed in black-and-white chevrons and stripes, enveloped in items that she purchased from big-box stores like Target. Swathed in patterns that fast-fashion producers co-opted into contemporary trends, and that are made by underpaid factory workers, Syjuco’s figure blends into the backdrop.  Her costumes, while they appear elaborate, are clearly identifiable from labels and price tags. Syjuco purchased her costumes and props with her credit card and later returned them for a refund. Using the tools of photography, she reveals our own society’s reverence for commodities, and for the ways that patterns and styles have filtered into contemporary dress—a process writer Emily Holmes calls “the commodification of cultural appropriation.”
2


The series’ title, Cargo Cults, is a problematic term coined by anthropologists in the 1940s to describe tribes in the Pacific Islands that formed religions around commodities. Ethnographic photographs made by American and European photographers often depicted tribe members as exotic and unfamiliar to viewers back home. In Syjuco’s portraits, gray bars and gradients appear around the edges of each image, or, in Cargo Cults: Cover-Up, at the center of the photograph. These are color-correction tools used in a wide variety of images, including those made by anthropologists, art historians, and product photographers. By including the gray bar, which is typically cropped out of a final image, Syjuco alludes to the ways in which ethnographic photographs are far from being unbiased documents.

Patterned garments also appear in Syjuco’s Applicant Photos series. Featuring grids of the same image repeated six times, these small-scale, passport-style images could have been made in photobooths found in cities around the world. Whereas passport photographs reveal a person’s unique facial features, Syjuco conceals the sitters’ faces with textiles decorated with geometric shapes. Created between 2013 and 2017, amid global migrant crises and a surge of anti-immigration policies in the US, Syjuco’s series reminds viewers that, for millions of people, identity is incriminating. For Syjuco, what unites her work across mediums—from installation and sculpture to performance and video—is the way she interacts with her raw materials. “Whether the concept is about digital networks, a database, or a communication structure,” she has said, “usually there’s some form of evidence, like a processed object, installation, or collection of things. Somehow, I want to make the evidence of these larger ideas.”
3",2026,0
IT71,22,wikidata_id,"Stephanie Syjuco (born 1974, in Manila, Philippines), is a Filipino-born American conceptual artist and educator. She works in photography, sculpture, and installation art. Born in the Philippines, she moved to the San Francisco Bay Area in 1977. She lives in Oakland, California, and teaches art at the University of California, Berkeley.",2026,1
IT72,22,ArtistBio,"American, born Philippines 1974",2026,0
IT73,22,Gender,female,2026,0
IT74,22,,"American, born Manila, Philippines, 1974",2026,3
IT75,22,,"Born
Manila, Philippines
Active in
San Francisco, California, United States",2026,2
IT76,23,wikidata_id,"Saya Woolfalk (born 1979, Gifu City, Japan) is an American artist known for her multimedia exploration of hybridity, science, race and sex. Woolfalk uses science fiction and fantasy to reimagine the world in multiple dimensions.

Saya Woolfalk is represented by Leslie Tonkonow Artworks & Projects, New York. She was a graduate advisor at the Art Institute of Chicago and a BFA critic at Parsons School of Design in 2012. She was also a visiting artist at Montclair State University in 2012 and 2013. Woolfalk was an adjunct professor at Parsons from 2013 to 2018.",2026,1
IT77,24,,"born San Francisco, CA 1978
Born
San Francisco, California, United States
Active in
Los Angeles, California, United States",2026,2
IT78,22,Nationality,American,2026,6
IT79,22,Roles,Photographer,2026,6
IT80,22,Birth Place Description,"Manila, Philippines, Asia",2026,6
IT81,22,Brief Text,"born Philippines, 1974",2026,6
IT82,17,ulan_url,"Rodriguez, Cristina Lei (American painter, sculptor, and installation artist, born 1974)",2026,3
IT83,29,ArtistBio,"American, 1948–2021",2026,0
IT84,29,Gender,female,2026,0
IT85,29,,"Hung Liu’s artistic training began in the Socialist Realist style of painting in the People's Republic of China, attending the Beijing Teachers’ College and Central Academy of Fine Arts in Beijing. In 1984, she sought a way out of Mao Zedong’s communist regime and continued her artistic pursuits in the U.S. After studying with historian Moira Roth and artist Allan Kaprow at the University of California, San Diego (1984-86), Liu cultivated a conceptual approach that interrogated the complexities of history, political revolution, and displacement through painting-centered, multimedia works. She fostered deep connections to the San Francisco Bay Area arts community during her extensive years of teaching at Mills College (1990-2014) in Oakland, California. In 2022, the National Portrait Gallery held Liu’s posthumous retrospective exhibition, showcasing an extensive collection of her portraits that honored individuals overlooked amid social upheaval and largely forgotten by history, drawing on personal, historical, and archival sources.",2026,2
IT86,29,wikidata_id,"Hung Liu (劉虹) (17 February 1948 – 7 August 2021) was a Chinese-born American contemporary artist. She was predominantly a painter, but also worked with mixed-media and site-specific installation and was also one of the first artists from China to establish a career in the United States.

A ten-year retrospective of Liu's work traveled nationally in the U.S. in 1998 and 1999. Summoning Ghosts: The Art of Hung Liu was a retrospective collection of Liu's work with paintings from more than 40 collections displayed.",2026,1
IT87,28,ArtistBio,"American, born 1972",2026,0
IT88,28,Gender,female,2026,0
IT89,28,wikidata_id,"Patty Chang (born February 3, 1972, in San Leandro, California) is an American performance artist and film director living and working in Los Angeles, California. Originally trained as a painter, Chang received her Bachelor of Arts at the University of California, San Diego. It wasn't until she moved to New York that she became involved with performance art.

She has staged solo shows nationally and internationally, including at Jack Tilton Gallery, New York (1999), Museo National de Reina Sofia, Madrid (2000), the Hammer Museum, Los Angeles, Museum of Contemporary Art, Chicago, and the New Museum, New York (all 2005), Flotsam Jetsam with longtime collaborator David Kelley at the Museum of Modern Art, New York (2014), the Queens Museum (2017-18), the Museum of Fine Arts in Boston (2020), and Pioneer Works in Brooklyn (2021).
",2026,1
IT90,27,,"Tom Nakashima is an artist and educator whose paintings, prints, collages, and sculptures address concerns of war and ecological destruction. Juxtaposing motifs from European, American, and Japanese art, Nakashima developed a body of heavily allegorical works that reflect the complexities of his religious upbringing, biracial identity, and concerns for nuclear proliferation.

Nakashima was born in Seattle’s Japantown in 1941, shortly before his father, a secondgeneration Japanese American, was drafted as a surgeon for the US Army Medical Corps. When Executive Order 9066 was issued the following year, his family was stationed at Camp Chaffee, Arkansas, and exempted from forced removal, unlike many of their relatives who were incarcerated at Minidoka and Tule Lake War Relocation Centers in Jerome, Idaho, and Modoc County, California, respectively. Nakashima eventually grew up in Dubuque, Iowa, raised as a Roman Catholic by his mother of German, Irish, and Jewish ancestry.

Nakashima’s aspirations of becoming an artist took shape during summer visits to New Hope, Pennsylvania, where his uncle, the architect, woodworker, and designer George Nakashima, settled after the war. There, Nakashima became familiar with the art of his uncle’s contemporaries, such as Harry Bertoia, Morris Graves, Isamu Noguchi, and Ben Shahn. After serving in the 101st Airborne Division of the US Army (1960-63), Nakashima pursued his academic training at Loras College in Dubuque, Iowa (1963-67), and the University of Notre Dame in Indiana (1967-69). Early in his career, Nakashima made large-scale abstract paintings, counting Barnett Newman as his most significant influence.

By the early 1980s, Nakashima became increasingly engaged with his Japanese heritage and experimented with a more representational style. Beginning with the series Standing on Ground Zero (1982–85), he developed a visual vocabulary referred to Giotto’s architectural structures, Matisse’s nude figures, and Jasper Johns’s targets, alongside images of cages, suspended fish, Buddhist and Hindu iconography. His compositions often incorporated or were painted onto three-dimensional structures, such as wooden boxes and Japanese folding screens. His nuanced reflection on the contradictory nature of sanctuaries, as both protective and confining, emerged as a prominent theme in his practice.

Since 1999, Nakashima pivoted to portraying piles of destroyed orchard trees, abandoned farm structures, and their debris as remnants of housing development projects that he encountered and photographed in Virginia. For the Treepile series, Nakashima further emphasizes his use of the grid system that allows him to work on expansive surfaces of collaged paper, canvas, or wood panels through small square portions. The resulting complex but forlorn imagery of entangled branches alludes to our artificial order imposed onto nature, as seen in bonsai and vanitas paintings, which expands his consideration for sanctuaries in environmental and ecological terms.

Based in the Mid-Atlantic region since the 1970s, Nakashima has exhibited both locally and internationally. His works became widely known especially after his participation in the pivotal exhibition The Decade Show: Frameworks of Identity in the 1980s, organized between three institutions in New York City, the Museum of Contemporary Hispanic Art, the New Museum of Contemporary Art, and the Studio Museum in Harlem, in 1990. In addition to his prolific artistic practice, Nakashima held an extensive teaching career at the Columbus College of Art & Design, Columbus, Ohio (1969-73), West Virginia University, Morgantown, West Virginia (1973-81), the Catholic University of America, Washington, DC (1981–2002) and Augusta University, Augusta, Georgia (2002–10).",2026,2
IT91,25,,"Born in Washington. Painter of Japanese descent who has been a diligent arts educator most of his life.

Nora Panzer, ed. Celebrate America in Poetry and Art (New York and Washington, D.C.: Hyperion Paperbacks for Children in association with the National Museum of American Art, Smithsonian Institution, 1994)


More Information
Artist Biography
Roger Shimomura, a third-generation Japanese American, creates paintings and performance pieces blending an ironic mixture of Japanese imagery and American popular culture. A native of Seattle, he and his family were removed to an internment camp for Japanese Americans during World War II. Over the past decade, much of Shimomura's work has been devoted to exploring the emotional and psychological hardships of the internment experience, based on the diaries of his grandmother. More recently, however, he has taken a more lighthearted approach to the serious themes of xenophobia, racism, and cross-cultural interface.

Jacquelyn Days Serwer, with contributions by Jonathan P. Binstock, Andrew Connors, Gwendolyn H. Everett, and Lynda Roscoe Hartigan American Kaleidoscope: Themes and Perspectives in Recent Art (Washington, D.C.: National Museum of American Art, 1996

Luce Artist Biography
Roger Shimomura was born three years before President Roosevelt's executive order mandated the internment of 120,000 Japanese Americans during World War II. When the family was released, they lived for a time in South Chicago, but returned to Seattle in 1945, settling in Nihonmachi, a district of Japanese American residents (Roger Shimomura: Return of the Yellow Peril, exhibition catalogue, Cheney Cowles Museum, 1993). The artist attended the University of Washington and earned a graduate degree from Syracuse University. Shimomura's paintings, which combine American pop culture images with Japanese woodblock prints, are inspired by his own experiences of racism and by the diaries that his grandmother kept over a period of fifty-six years. He began teaching at Kansas University in 1969, where he was legendarily tough on his students. Shimomura retired in 2004 after thirty-five years in Lawrence.",2026,2
IT92,25,,"Also known as
Roger Yutaka Shimomura
Born
Seattle, Washington, United States
Active in
Lawrence, Kansas, United States",2026,2
IT93,25,ulan_url,"American installation artist, born 1939",2026,3
IT94,25,wikidata_id,"Roger Shimomura (born Roger Yutaka Shimomura in 1939 in Seattle) is an American artist and a retired professor at the University of Kansas, having taught there from 1969 to 2004. His art, showcased across the United States, Japan, Canada, Mexico, and Israel, often combines American popular culture, traditional Asian tropes, and stereotypical racial imagery to provoke thought and debate on issues of identity and social perception.",2026,1
IT95,25,,"American, born 1939",2026,5
